Description,0
WHITE HANGING HEART T-LIGHT HOLDER,2210
PACK OF 72 RETRO SPOT CAKE CASES,1233
STRAWBERRY CERAMIC TRINKET BOX,1125
REGENCY CAKESTAND 3 TIER,1101
LUNCH BAG RED SPOTTY,1062
60 TEATIME FAIRY CAKE CASES,905
HOME BUILDING BLOCK WORD,891
SET/20 RED SPOTTY PAPER NAPKINS ,848
ASSORTED COLOUR BIRD ORNAMENT,824
BAKING SET 9 PIECE RETROSPOT ,789
SET/5 RED SPOTTY LID GLASS BOWLS,782
LOVE BUILDING BLOCK WORD,779
PACK OF 60 PINK PAISLEY CAKE CASES,768
JUMBO STORAGE BAG SUKI,767
PARTY BUNTING,758
JUMBO BAG STRAWBERRY,747
WOODEN FRAME ANTIQUE WHITE ,745
LUNCH BAG  BLACK SKULL.,735
LUNCH BAG SUKI  DESIGN ,721
LUNCH BAG PINK RETROSPOT,711
PAPER BUNTING RETRO SPOTS,693
RED SPOTTY CHARLOTTE BAG,685
JUMBO BAG PINK WITH WHITE SPOTS,677
VINTAGE UNION JACK BUNTING,675
DOOR MAT UNION FLAG,674
HANGING HEART ZINC T-LIGHT HOLDER,663
LUNCH BAG SPACEBOY DESIGN ,658
RETRO SPOT TEA SET CERAMIC 11 PC ,655
LUNCH BAG CARS BLUE,650
LUNCH BAG WOODLAND,636
JUMBO SHOPPER VINTAGE RED PAISLEY,636
SWEETHEART CERAMIC TRINKET BOX,611
REX CASH+CARRY JUMBO SHOPPER,606
JUMBO  BAG BAROQUE BLACK WHITE,595
HEART OF WICKER SMALL,592
72 SWEETHEART FAIRY CAKE CASES,588
RED HANGING HEART T-LIGHT HOLDER,579
RECYCLING BAG RETROSPOT ,578
ZINC METAL HEART DECORATION,576
VINTAGE SNAP CARDS,565
WOODEN PICTURE FRAME WHITE FINISH,555
CREAM HEART CARD HOLDER,553
GIN + TONIC DIET METAL SIGN,551
JUMBO BAG RED WHITE SPOTTY ,535
COLOUR GLASS T-LIGHT HOLDER HANGING,534
PACK 20 ENGLISH ROSE PAPER NAPKINS,530
DOTCOM POSTAGE,524
JUMBO BAG RED RETROSPOT,523
TEA TIME CAKE STAND IN GIFT BOX,522
PAPER CHAIN KIT RETRO SPOT,521
HANGING HEART JAR T-LIGHT HOLDER,514
VICTORIAN GLASS HANGING T-LIGHT,512
PACK OF 72 SKULL CAKE CASES,510
BATHROOM METAL SIGN,507
ROUND SNACK BOXES SET OF4 WOODLAND ,506
GARDENERS KNEELING PAD,506
WOODLAND CHARLOTTE BAG,505
HAND OVER THE CHOCOLATE   SIGN ,504
HANGING JAM JAR T-LIGHT HOLDER,496
ANTIQUE SILVER TEA GLASS ETCHED,493
JUMBO BAG PINK VINTAGE PAISLEY,486
PACK OF 60 DINOSAUR CAKE CASES,481
RETRO SPOT LARGE MILK JUG,472
STRAWBERRY CHARLOTTE BAG,471
HOT WATER BOTTLE TEA AND SYMPATHY,471
SET OF 72 RETRO SPOT PAPER  DOILIES,470
WOOD S/3 CABINET ANT WHITE FINISH,468
JUMBO BAG SCANDINAVIAN PAISLEY,468
FELTCRAFT 6 FLOWER FRIENDS,467
DOOR MAT NEW ENGLAND,464
RED SPOTTY SHOPPER BAG,459
HEART OF WICKER LARGE,457
SINGLE HEART ZINC T-LIGHT HOLDER,452
TOY TIDY PINK RETROSPOT  ,446
PAPER BUNTING WHITE LACE,445
PINK CREAM FELT CRAFT TRINKET BOX ,445
SCOTTIE DOG HOT WATER BOTTLE,443
RED 3 PIECE MINI DOTS CUTLERY SET,443
VINTAGE UNION JACK CUSHION COVER,432
EDWARDIAN PARASOL NATURAL,430
POSTAGE,430
RED GINGHAM ROSE JEWELLERY BOX,429
VINTAGE HEADS AND TAILS CARD GAME ,427
POTTING SHED TEA MUG,426
NO SINGING METAL SIGN,426
RED TOADSTOOL LED NIGHT LIGHT,425
LADIES & GENTLEMEN METAL SIGN,425
BLUE 3 PIECE MINI DOTS CUTLERY SET,422
ROUND SNACK BOXES SET OF 4 FRUITS ,420
TEA BAG PLATE RED SPOTTY ,420
6 RIBBONS RUSTIC CHARM,414
CLOTHES PEGS RETROSPOT PACK 24 ,413
DOOR MAT RED SPOT,412
ENGLISH ROSE DESIGN PEG BAG,410
RED SPOTTY ROUND CAKE TINS,409
RED SPOT HEART HOT WATER BOTTLE,397
JUMBO BAG OWLS,396
PINK 3 PIECE MINI DOTS CUTLERY SET,395
POTTERING IN THE SHED METAL SIGN,394
TOILET METAL SIGN,393
GRAND CHOCOLATECANDLE,392
HEART IVORY TRELLIS SMALL,392
JUMBO STORAGE BAG SKULLS,392
RED SPOTTY CUP,391
LOVEBIRD HANGING DECORATION WHITE ,389
PINK FAIRY CAKE CHILD'S APRON,389
RETRO RED SPOTTY WASHING UP GLOVES,387
DOOR MAT FAIRY CAKE,387
SMALL POPCORN HOLDER,385
RED SPOTTY BOWL,385
SET/3 RUSSIAN DOLL STACKING TINS,383
FELTCRAFT BUTTERFLY HEARTS,380
WASHROOM METAL SIGN,380
PACK OF 60 MUSHROOM CAKE CASES,380
CREAM CUPID HEARTS COAT HANGER,378
RED RETROSPOT CAKE STAND,378
WOOD 2 DRAWER CABINET WHITE FINISH,376
ASSTD DESIGN BUBBLE GUM RING,376
NATURAL SLATE HEART CHALKBOARD ,375
ASSORTED COLOURS SILK FAN,375
CHOCOLATE HOT WATER BOTTLE,375
RED SPOTTY BISCUIT TIN,374
PINK HAPPY BIRTHDAY BUNTING,372
COOK WITH WINE METAL SIGN ,371
BOX OF 24 COCKTAIL PARASOLS,370
WOODEN ROUNDERS GARDEN SET ,370
RED/WHITE DOTS RUFFLED UMBRELLA,369
PINK BLUE FELT CRAFT TRINKET BOX,367
SET OF 72 PINK HEART PAPER DOILIES,366
SET/2 RED SPOTTY TEA TOWELS ,365
RED WOOLLY HOTTIE WHITE HEART.,364
STRAWBERRY   PICNIC BAG,362
TEA PARTY BIRTHDAY CARD,360
"CHARLOTTE BAG , PINK/WHITE SPOTS",360
SET/20 STRAWBERRY PAPER NAPKINS ,357
PACK OF 6 BIRDY GIFT TAGS,355
HEART FILIGREE DOVE  SMALL,353
JUMBO BAG TOYS ,353
MINI CAKE STAND  HANGING STRAWBERY,353
RED SPOTTY PEG BAG,352
PINK HEART SHAPE EGG FRYING PAN,351
JUMBO BAG WOODLAND ANIMALS,351
PACK OF 60 SPACEBOY CAKE CASES,349
HOT BATHS METAL SIGN,349
SET OF 3 HEART COOKIE CUTTERS,349
JUMBO BAG SPACEBOY DESIGN,349
PARTY METAL SIGN ,348
RED RETROSPOT PICNIC BAG,347
SMALL HEART MEASURING SPOONS,345
GLASS HONEYPOT WASP CATCHER,343
EDWARDIAN PARASOL BLACK,343
"CHARLOTTE BAG , SUKI DESIGN",341
SET/10 PINK SPOTTY PARTY CANDLES,341
SMALL GLASS HEART TRINKET POT,340
RETRO SPOT CAKE STAND,339
WHITE WOOD GARDEN PLANT LADDER,338
SET/10 RED SPOTTY PARTY CANDLES,338
TEA TIME TEA TOWELS ,338
SET/6 RED SPOTTY PAPER PLATES,335
SPACEBOY BIRTHDAY CARD,334
CHOCOLATE THIS WAY METAL SIGN,333
PACK OF 12 HEARTS DESIGN TISSUES ,331
PINK  SPOTTY CUP,331
LAUNDRY 15C METAL SIGN,330
BEWARE OF THE CAT METAL SIGN ,329
BLUE  SPOTTY CUP,328
DOOR MAT ENGLISH ROSE ,326
PLASTERS IN TIN CIRCUS PARADE ,325
"KEY FOB , SHED",325
SET OF 36 TEATIME PAPER DOILIES,324
HANGING METAL HEART LANTERN,322
HOME SWEET HOME METAL SIGN ,318
WORLD WAR 2 GLIDERS ASSTD DESIGNS,318
DOOR MAT HEARTS,318
12 PENCILS SMALL TUBE RED SPOTTY,317
RED SPOTTY OVEN GLOVE ,316
PLEASE ONE PERSON METAL SIGN,316
RED SPOTS  WRAP ,315
SET OF 36 PAISLEY FLOWER DOILIES,314
Manual,313
SWEETHEART KEY CABINET,313
WOODEN BOX OF DOMINOES,312
CHILDS APRON SPACEBOY DESIGN,310
PINK SPOTTY BOWL,310
METAL SIGN TAKE IT OR LEAVE IT ,308
WOODEN UNION JACK BUNTING,308
CERAMIC CAKE STAND + HANGING CAKES,306
WHITE METAL LANTERN,305
PLASTERS IN TIN SPACEBOY,305
FELTCRAFT DOLL MOLLY,304
PAPER BUNTING COLOURED LACE,304
PLASTERS IN TIN WOODLAND ANIMALS,304
PINK DOUGHNUT TRINKET POT ,303
AREA PATROLLED METAL SIGN,301
KITCHEN METAL SIGN,299
SWALLOWS GREETING CARD,299
RETRO SPOT SMALL MILK JUG,297
TEA TIME OVEN GLOVE,297
RED SPOTTY CHILDS APRON,296
WOODEN CROQUET GARDEN SET,295
FELTCRAFT DOLL ROSIE,295
WHITE SPOT BLUE CERAMIC DRAWER KNOB,294
"SET 3 RED SPOT TIN TEA,COFFEE,SUGAR",294
SET/6 RED SPOTTY PAPER CUPS,294
I'M ON HOLIDAY METAL SIGN,293
RIBBON REEL STRIPES DESIGN ,292
FILIGRIS HEART WITH BUTTERFLY,291
GINGHAM HEART  DOORSTOP RED,291
I CAN ONLY PLEASE ONE PERSON MUG,291
DOOR MAT SPOTTY HOME SWEET HOME,287
HEART IVORY TRELLIS LARGE,287
LARGE HEART MEASURING SPOONS,286
BLUE SPOT CERAMIC DRAWER KNOB,285
DOOR MAT 3 SMILEY CATS,285
SET/10 BLUE SPOTTY PARTY CANDLES,284
PAPER CHAIN KIT EMPIRE,284
FOOD CONTAINER SET 3 LOVE HEART ,284
FOUR HOOK  WHITE LOVEBIRDS,284
RED RETROSPOT SMALL MILK JUG,284
VINTAGE SNAKES & LADDERS,282
SUKI  SHOULDER BAG,281
TEA TIME PARTY BUNTING,281
CREAM SWEETHEART MINI CHEST,279
ROUND CONTAINER SET OF 5 RETROSPOT,279
LARGE CAKE STAND  HANGING STRAWBERY,278
CAKE STAND 3 TIER MAGIC GARDEN,278
BLUE SPOTTY BOWL,277
TOY TIDY SPACEBOY  ,277
METAL 4 HOOK HANGER FRENCH CHATEAU,277
KINGS CHOICE TEA CADDY ,276
SAVE THE PLANET MUG,275
CERAMIC CAKE DESIGN SPOTTED MUG,274
CITRONELLA CANDLE GARDEN POT,273
BLACK/BLUE DOTS RUFFLED UMBRELLA,273
12 PENCILS SMALL TUBE SKULL,272
GARDEN METAL SIGN ,272
WHITE SPOT RED CERAMIC DRAWER KNOB,271
DOOR MAT WELCOME PUPPIES,271
WOOD BLACK BOARD ANT WHITE FINISH,271
WEEKEND BAG VINTAGE ROSE PAISLEY,271
HEART FILIGREE DOVE LARGE,271
WOODEN SCHOOL COLOURING SET,271
BATH BUILDING BLOCK WORD,270
BINGO SET,269
SET 12 KIDS COLOUR  CHALK STICKS,269
HOME SWEET HOME MUG,268
COLOUR GLASS. STAR T-LIGHT HOLDER,267
COFFEE MUG CAT + BIRD DESIGN,267
NATURAL SLATE RECTANGLE CHALKBOARD,266
STRAWBERRY SHOPPER BAG,266
LAVENDER SCENTED FABRIC HEART,265
MEMO BOARD RETROSPOT  DESIGN,265
BLACK HEART CARD HOLDER,264
PINK CHERRY LIGHTS,263
RED SPOTTY PLATE ,262
BAKING SET SPACEBOY DESIGN,262
GROW YOUR OWN PLANT IN A CAN ,262
RETRO SPOT TRADITIONAL TEAPOT ,261
ASSORTED COLOUR MINI CASES,261
"KEY FOB , BACK DOOR ",260
ROUND SNACK BOXES SET OF 4 SKULLS,260
FIRST AID TIN,260
PICNIC BASKET WICKER SMALL,260
STRAWBERRY LUNCH BOX WITH CUTLERY,259
KNITTED UNION FLAG HOT WATER BOTTLE,258
PAPER CHAIN KIT 50'S CHRISTMAS ,258
DOORSTOP RETROSPOT HEART,258
SET OF 3 BUTTERFLY COOKIE CUTTERS,256
IVORY HANGING DECORATION  HEART,256
"DECORATION, HANGING HEART+MIRROR ",256
PLASTERS IN TIN VINTAGE PAISLEY ,255
RED STRIPE CERAMIC DRAWER KNOB,254
IVORY KITCHEN SCALES,253
LUNCH BOX WITH CUTLERY RETROSPOT ,253
COWBOYS AND INDIANS BIRTHDAY CARD ,253
MEMO BOARD COTTAGE DESIGN,253
OPEN CLOSED METAL SIGN,253
RETRO SPORT PARTY BAG + STICKER SET,252
FAWN BLUE HOT WATER BOTTLE,252
"FANCY FONT BIRTHDAY CARD, ",252
WOODEN HAPPY BIRTHDAY GARLAND,251
GLITTER BUTTERFLY CLIPS,249
DOOR MAT FANCY FONT HOME SWEET HOME,248
LUNCH BOX WITH CUTLERY FAIRY CAKES ,247
LUSH GREENS RIBBONS,247
36 PENCILS TUBE RED SPOTTY,246
"HOOK, 1 HANGER ,MAGIC GARDEN",245
SET OF 3 COLOURED  FLYING DUCKS,245
VINTAGE KID DOLLY CARD ,244
CHARLOTTE BAG SUKI DESIGN,243
 WHITE CHERRY LIGHTS,243
SILVER HANGING T-LIGHT HOLDER,243
CHARLOTTE BAG PINK WITH WHITE SPOTS,242
DOORMAT HEARTS,242
RED RETROSPOT TRADITIONAL TEAPOT ,241
RIBBON REEL SPOTS DESIGN ,241
PLASTERS IN TIN SKULLS,241
RECIPE BOX WITH METAL HEART,241
FANNY'S REST STOPMETAL SIGN,240
CORONA MEXICAN TRAY,240
TRADITIONAL KNITTING NANCY,240
DOOR MAT MULTICOLOUR STRIPE,239
WATERING CAN BLUE ELEPHANT,239
FELTCRAFT DOLL EMILY,239
BLUE STRIPE CERAMIC DRAWER KNOB,239
SKULLS  WATER TRANSFER TATTOOS ,238
CHILLI LIGHTS,238
PACK OF 6 PANNETONE GIFT BOXES,237
SLATE TILE NATURAL HANGING,237
"KEY FOB , GARAGE DESIGN",236
VINTAGE UNION JACK DOORSTOP,236
"ELEPHANT, BIRTHDAY CARD, ",236
"HOOK, 5 HANGER , MAGIC TOADSTOOL",236
LARGE POPCORN HOLDER ,235
PACK OF 12 RED SPOTTY TISSUES ,235
EDWARDIAN PARASOL RED,235
ANTIQUE LILY FAIRY LIGHTS,234
RIBBON REEL HEARTS DESIGN ,234
CERAMIC STRAWBERRY CAKE MONEY BANK,233
FAIRY CAKE FLANNEL ASSORTED COLOUR,233
FOLKART ZINC HEART CHRISTMAS DEC,232
SET/6 PINK  BUTTERFLY T-LIGHTS,232
LUNCHBOX WITH CUTLERY RETROSPOT ,232
ENAMEL FLOWER JUG CREAM,232
MOROCCAN TEA GLASS,231
MINI WOODEN HAPPY BIRTHDAY GARLAND,231
KINGS CHOICE CIGAR BOX MATCHES ,230
DOOR MAT UNION JACK GUNS AND ROSES,230
CACTI T-LIGHT CANDLES,230
COFFEE MUG DOG + BALL DESIGN,229
GREEN SPOTTY CUP,228
VICTORIAN SEWING BOX SMALL ,227
PACK 20 DOLLY PEGS,227
12 PENCILS TALL TUBE RED SPOTTY,226
BROWN CHECK CAT DOORSTOP ,225
SKULL SHOULDER BAG,225
ZINC WILLIE WINKIE  CANDLE STICK,224
GIN & TONIC DIET GREETING CARD ,223
FULL ENGLISH BREAKFAST PLATE,223
PICNIC BASKET WICKER LARGE,222
SET OF 20 KIDS COOKIE CUTTERS,222
WASH BAG VINTAGE ROSE PAISLEY,222
VINTAGE CREAM 3 BASKET CAKE STAND,222
BIG DOUGHNUT FRIDGE MAGNETS,222
RED SPOT CERAMIC DRAWER KNOB,222
GLASS  BEURRE DISH,221
SAVE THE PLANET COTTON TOTE BAG,221
CAKE STAND LACE WHITE,220
WHITE JEWELLED HEART DECORATION,220
BRIGHT BLUES RIBBONS ,220
CREAM SWEETHEART TRAYS,220
FAIRY CAKE DESIGN UMBRELLA,219
RED METAL BEACH SPADE ,219
BOYS VINTAGE TIN SEASIDE BUCKET,219
GIRLS VINTAGE TIN SEASIDE BUCKET,219
SMALL HEART FLOWERS HOOK ,218
VICTORIAN SEWING BOX LARGE,218
PLACE SETTING WHITE HEART,218
FAMILY ALBUM WHITE PICTURE FRAME,218
METAL SIGN EMPIRE TEA,217
CITRONELLA CANDLE FLOWERPOT,217
LADYBIRD + BEE RAFFIA FOOD COVER,216
RETRO COFFEE MUGS ASSORTED,216
PINK  SPOTTY PLATE ,215
TRADITIONAL WOODEN CATCH CUP GAME ,214
GREEN GINGHAM FLOWER JEWELLERY BOX,214
PACK OF 20 SKULL PAPER NAPKINS,214
MINI CAKE STAND WITH HANGING CAKES,214
NATURAL SLATE CHALKBOARD LARGE ,213
SCANDINAVIAN REDS RIBBONS,213
SET 12 RETRO WHITE CHALK STICKS,213
PLASTERS IN TIN STRONGMAN,212
PAPER BUNTING VINTAGE PAISLEY,212
KINGS CHOICE BISCUIT TIN,212
CAKE STAND WHITE TWO TIER LACE,212
RED  HARMONICA IN BOX ,212
COFFEE MUG APPLES DESIGN,212
CHILDS GARDEN TROWEL PINK,210
RED RETROSPOT JUMBO BAG ,210
INFLATABLE POLITICAL GLOBE ,209
GREEN 3 PIECE MINI DOTS CUTLERY SET,209
GARLAND WOODEN HAPPY EASTER,209
EMPIRE BIRTHDAY CARD,208
WHITE DOVE HONEYCOMB PAPER GARLAND,208
RED SPOTTY COIR DOORMAT,208
DOOR MAT TOPIARY,207
KINGS CHOICE MUG,206
PINK SPOTS  WRAP ,206
GUMBALL COAT RACK,206
WATERING CAN PINK BUNNY,206
GIN AND TONIC MUG,205
RED SPOTTY CHILDS UMBRELLA,205
DOOR MAT BIRD ON THE WIRE,204
RED/WHITE DOT MINI CASES,204
12 PENCILS TALL TUBE SKULLS,204
TRADITIONAL WOODEN SKIPPING ROPE,204
"HOOK, 3 HANGER ,MAGIC GARDEN",203
PORCELAIN BUTTERFLY OIL BURNER,203
PAINTED METAL PEARS ASSORTED,203
CHILDS GARDEN TROWEL BLUE ,202
GAOLERS KEYS DECORATIVE GARDEN ,202
WHITE WIRE EGG HOLDER,201
GLITTER HANGING BUTTERFLY STRING,200
CHARLIE AND LOLA CHARLOTTE BAG,199
PICTURE FRAME WOOD TRIPLE PORTRAIT,199
FRYING PAN UNION FLAG,199
CREAM FELT EASTER EGG BASKET,199
SET OF 72 IVORY PAPER DOILIES,198
BLUE HAPPY BIRTHDAY BUNTING,198
FELTCRAFT CUSHION BUTTERFLY,197
RETRO SPOT SUGAR JAM BOWL,196
LUNCHBOX WITH CUTLERY FAIRY CAKES ,196
CHICK GREY HOT WATER BOTTLE,196
SET OF 3 CASES WOODLAND DESIGN,196
FELTCRAFT CUSHION RABBIT,195
GREEN SPOTTY BOWL,195
PINK VINTAGE PAISLEY PICNIC BAG,194
WOODEN REGATTA BUNTING,194
RED KITCHEN SCALES,194
FUNKY WASHING UP GLOVES ASSORTED,193
RED RETROSPOT BUTTER DISH,193
DOOR MAT BLACK FLOCK ,193
ENCHANTED BIRD COATHANGER 5 HOOK,192
ROSE CARAVAN DOORSTOP,192
SET OF 2 FANCY FONT TEA TOWELS,191
36 PENCILS TUBE WOODLAND,191
FAIRY CAKE BIRTHDAY CANDLE SET,191
ANT WHITE WIRE HEART SPIRAL,190
HOME SMALL WOOD LETTERS,190
S/4 PINK FLOWER CANDLES IN BOWL,190
CHILDRENS GARDEN GLOVES PINK,190
MOUSE TOY WITH PINK T-SHIRT,189
ROMANTIC PINKS RIBBONS ,189
VINTAGE UNION JACK MEMOBOARD,189
MILK PAN RED RETROSPOT,188
WATERMELON BATH SPONGE,188
BAG 250g SWIRLY MARBLES,188
FELTCRAFT CUSHION OWL,188
WOODLAND PARTY BAG + STICKER SET,188
WOODLAND WATER TRANSFER TATTOOS ,188
SET/20 WOODLAND PAPER NAPKINS ,187
SANDWICH BATH SPONGE,187
S/6 WOODEN SKITTLES IN COTTON BAG,187
WOODLAND DESIGN  COTTON TOTE BAG,187
OWL DOORSTOP,186
WOODEN SKITTLES GARDEN SET,186
VINTAGE BILLBOARD DRINK ME MUG,186
JUMBO BAG CHARLIE AND LOLA TOYS,186
UNION JACK FLAG LUGGAGE TAG,186
BLUE  SPOTTY PLATE ,185
BOMBS AWAY METAL SIGN,185
RED SPOTTY APRON ,185
ENAMEL MEASURING JUG CREAM,185
3 HOOK PHOTO SHELF ANTIQUE WHITE,185
RED RETROSPOT SUGAR JAM BOWL,185
SET/6 TURQUOISE BUTTERFLY T-LIGHTS,185
CERAMIC HEART FAIRY CAKE MONEY BANK,185
PACK OF 12 SUKI TISSUES ,184
POTTERING MUG,184
WHITE LOVEBIRD LANTERN,184
METAL SHELF WITH RAIL ,184
WRAP PINK FAIRY CAKES ,183
HEART SHAPED MIRROR,183
STRAWBERRY LUNCHBOX WITH CUTLERY,183
CERAMIC STRWBERRY DESIGN MUG,182
MA CAMPAGNE CUTLERY BOX,182
DOOR MAT FRIENDSHIP ,181
FROSTED BOX 9 WHITE T-LIGHT CANDLES,181
TRADITIONAL MODELLING CLAY,181
FANCY FONTS BIRTHDAY WRAP,181
COFFEE MUG PEARS  DESIGN,180
UNION JACK HOT WATER BOTTLE ,180
ENAMEL BREAD BIN CREAM,180
PINK FLORAL FELTCRAFT SHOULDER BAG,180
PINK FELT EASTER EGG BASKET,179
ENGLISH ROSE NOTEBOOK A7 SIZE,179
POLYESTER FILLER PAD 45x45cm,178
MINATURE COLOURED GARDENING SET,178
PLEASE ONE PERSON  METAL SIGN,178
RED SPOTTY LUGGAGE TAG,178
RIBBON REEL LACE DESIGN ,177
PINK HEART DOTS HOT WATER BOTTLE,177
PACK OF 12 PINK SPOT TISSUES ,177
PACK OF 12 TRADITIONAL CRAYONS,176
UNION JACK FLAG PASSPORT COVER ,176
CERAMIC CAKE BOWL + HANGING CAKES,176
CERAMIC CHERRY CAKE MONEY BANK,175
GROW YOUR OWN BASIL IN ENAMEL MUG,175
CERAMIC BOWL WITH STRAWBERRY DESIGN,175
SET/4 BLUE FLOWER CANDLES IN BOWL,175
WOODLAND ANIMAL  WRITING SET ,174
HEART DECORATION WITH PEARLS ,174
AGED GLASS SILVER T-LIGHT HOLDER,174
WALL TIDY RETROSPOT ,174
RETRO SPOT LAMP,173
SET OF 4 ENGLISH ROSE COASTERS,173
FAIRY SOAP SOAP HOLDER,173
CERAMIC CAKE DESIGN SPOTTED PLATE,173
SET 12 KIDS  WHITE CHALK STICKS,173
RETRO SPOTS BUTTER DISH,173
36 PENCILS TUBE SKULLS,173
6 EGG HOUSE PAINTED WOOD,172
CHILDS GARDEN FORK PINK,172
FRYING PAN RED POLKADOT ,172
PINK SPOTTY CHILDS UMBRELLA,171
RED LOVE HEART SHAPE CUP,171
METAL SIGN NEIGHBOURHOOD WITCH ,171
TEA TIME MUG IN GIFT BOX,171
BOTTLE BAG RETROSPOT ,171
NO JUNK MAIL METAL SIGN,170
LIGHT PINK CHERRY LIGHTS,169
PICTURE DOMINOES,169
"HOOK, 5 HANGER ,MAGIC TOADSTOOL RED",169
SET 10 LIGHTS NIGHT OWL,169
SCANDINAVIAN PAISLEY PICNIC BAG,169
BLUE SPOTS  WRAP,168
CHARLIE+LOLA PINK HOT WATER BOTTLE,168
WATERING CAN GREEN DINOSAUR,168
12 PENCILS TALL TUBE WOODLAND,168
FIVE HEART HANGING DECORATION,167
RED SPOTTY OVEN GLOVE DOUBLE,167
BABY BOOM RIBBONS ,167
VINTAGE CARAVAN GREETING CARD ,167
DINOSAURS WATER TRANSFER TATTOOS ,166
RED FLORAL FELTCRAFT SHOULDER BAG,166
HANGING METAL STAR LANTERN,166
VICTORIAN SEWING BOX MEDIUM,166
SET OF 9 HEART SHAPED BALLOONS,166
SKULLS PARTY BAG + STICKER SET,165
20 DOLLY PEGS RETROSPOT,165
POLYESTER FILLER PAD 40x40cm,164
FANCY FONT HOME SWEET HOME DOORMAT,164
COLOURING PENCILS BROWN TUBE,164
TOAST ITS - DINOSAUR,164
HAND OPEN SHAPE DECO.WHITE,164
ANTIQUE SILVER TEA GLASS ENGRAVED,164
BLACK RECORD COVER FRAME,164
CHILDS GARDEN FORK BLUE ,164
ROBOT BIRTHDAY CARD,163
SLEEPING CAT ERASERS,163
TEA TIME DES TEA COSY,163
ASSORTED ICE CREAM FRIDGE MAGNETS,163
"KEY FOB , FRONT  DOOR ",163
200 RED + WHITE BENDY STRAWS,163
RETRO SPOT  CIGAR BOX MATCHES ,163
UNION STRIPE WITH FRINGE  HAMMOCK,163
MILK PAN PINK RETROSPOT,163
PENNY FARTHING BIRTHDAY CARD,162
TOAST ITS - I LOVE YOU ,162
SALLE DE BAIN HOOK,162
BOX OF 9 PEBBLE CANDLES,162
BLUE FELT EASTER EGG BASKET,161
PACK OF 12 WOODLAND TISSUES ,161
PHARMACIE FIRST AID TIN,160
CHARLIE + LOLA RED HOT WATER BOTTLE,160
SKULLS  STICKERS,160
MINI PAINT SET VINTAGE ,159
SMALL RED RETROSPOT WINDMILL,159
FELTCRAFT DOLL MARIA,158
BLUE FAIRY CAKE CHILD'S APRON,158
CHILDRENS GARDEN GLOVES BLUE,158
MINT KITCHEN SCALES,158
SET OF 2 WOODEN MARKET CRATES,158
CLASSIC WHITE FRAME,157
60 GOLD AND SILVER FAIRY CAKE CASES,157
RAINY LADIES BIRTHDAY CARD,157
WHITE BEADED GARLAND STRING 20LIGHT,157
6 CHOCOLATE LOVE HEART T-LIGHTS,156
HEART DECORATION PAINTED ZINC ,156
STRAWBERRY BATH SPONGE ,156
SKULL LUNCH BOX WITH CUTLERY ,155
3 STRIPEY MICE FELTCRAFT,155
RETRO SPOT STORAGE JAR,155
MUSHROOM BLUE HOT WATER BOTTLE,155
"METAL SIGN,CUPCAKE SINGLE HOOK",154
SPACEBOY GIFT WRAP,154
RETRO SPOT MUG,154
PACK OF 6 HANDBAG GIFT BOXES,154
CHILDS GARDEN BRUSH BLUE,154
TEA TIME TABLE CLOTH,154
FRYING PAN PINK POLKADOT ,153
PACK OF 6 SKULL PAPER PLATES,152
CAMOUFLAGE LED TORCH,152
APPLE BATH SPONGE,151
DOLLY GIRL LUNCH BOX,151
EMERGENCY FIRST AID TIN ,151
PACK OF 6 SKULL PAPER CUPS,150
BAG 125g SWIRLY MARBLES,150
BALLOONS  WRITING SET ,150
IVORY HANGING DECORATION  BUTTERFLY,150
CHILDS GARDEN BRUSH PINK,150
WHITE SKULL HOT WATER BOTTLE ,150
RED HEART SHAPE LOVE BUCKET ,149
PINK PARTY BAGS,149
BOX OF VINTAGE JIGSAW BLOCKS ,148
MULTI COLOUR SILVER T-LIGHT HOLDER,148
SET OF 4 FAIRY CAKES COASTERS ,148
SMALL DOLLY MIX DESIGN ORANGE BOWL,148
DAIRY MAID LARGE MILK JUG,147
PACK OF 6 SANDCASTLE FLAGS ASSORTED,147
CREAM SWEETHEART MAGAZINE RACK,146
PINK PADDED MOBILE,146
ORGANISER WOOD ANTIQUE WHITE ,146
CHOCOLATE BOX RIBBONS ,146
CHERRY BLOSSOM DECORATIVE FLASK,146
BOX OF VINTAGE ALPHABET BLOCKS,146
GLASS JAR DAISY FRESH COTTON WOOL,146
GLASS BONBON JAR PARFUME AUX FLEURE,145
MAN FLU METAL SIGN,145
WHITE TISSUE REAM,145
FAIRY CAKES NOTEBOOK A7 SIZE,145
RAIN HAT WITH RED SPOTS,145
STRAWBERRY FAIRY CAKE TEAPOT,145
BUTTERFLIES  HONEYCOMB GARLAND,145
 RED/WHITE DOT MINI CASES,144
EDWARDIAN PARASOL PINK,144
PINK UNION JACK  PASSPORT COVER ,144
12 IVORY ROSE PEG PLACE SETTINGS,144
SMALL HANGING IVORY/RED WOOD BIRD,144
BATHROOM METAL SIGN ,144
HEN HOUSE DECORATION,143
WHITE SWEETHEARTS CABINET 4 DRAWERS,143
SKULLS GREETING CARD,143
LOVE LARGE WOOD LETTERS ,143
S/4 CACTI CANDLES,142
JUNGLE POPSICLES ICE LOLLY HOLDERS,142
LARGE CAKE TOWEL PINK SPOTS,142
VICTORIAN  METAL POSTCARD SPRING,142
DOOR MAT AIRMAIL ,142
CHOCOLATE CALCULATOR,141
PINK LOVE HEART SHAPE CUP,141
BLUE HARMONICA IN BOX ,141
RED RETROSPOT STORAGE JAR,141
PACK OF 12 PINK PAISLEY TISSUES ,141
PACK OF 12 STICKY BUNNIES,141
RETRO BLUE SPOTTY WASHING UP GLOVES,141
DECORATIVE CATS BATHROOM BOTTLE,141
MAGIC DRAWING SLATE SPACEBOY ,141
OVERNIGHT BAG VINTAGE ROSE PAISLEY,140
SET OF 36 MUSHROOM PAPER DOILIES,140
RED SPOTTY PURSE ,140
SPACEBOY LUNCH BOX ,140
SET OF 12 ROSE BOTANICAL T-LIGHTS,140
ASSORTED CAKES FRIDGE MAGNETS,140
CHILDS BREAKFAST SET CIRCUS PARADE,140
CINAMMON SET OF 9 T-LIGHTS,140
CAKE STAND LOVEBIRD 2 TIER WHITE,139
YOU'RE CONFUSING ME METAL SIGN ,139
HANGING METAL BIRD BATH,139
FLORAL ELEPHANT SOFT TOY,138
4 TRADITIONAL SPINNING TOPS,138
GLASS HEART T-LIGHT HOLDER ,138
CERAMIC PLATE STRAWBERRY DESIGN,138
HEART SHAPE WIRELESS DOORBELL,138
AIRLINE BAG VINTAGE TOKYO 78,138
FELT EGG COSY CHICKEN,138
STRAWBERRY RAFFIA FOOD COVER,138
GREEN  SPOTTY PLATE ,138
RED SPOTTY TABLECLOTH ,137
FLOWER VINE RAFFIA FOOD COVER,137
"AIRLINE LOUNGE,METAL SIGN",137
RED WHITE SCARF  HOT WATER BOTTLE,137
"ASSORTED FLOWER COLOUR ""LEIS""",137
DINOSAUR KEYRINGS ASSORTED,137
TEA CUP AND SAUCER RETRO SPOT,137
PACK OF 12 LONDON TISSUES ,136
"DOG BOWL , CHASING BALL DESIGN",136
PINK PAPER PARASOL ,136
DOORMAT UNION FLAG,135
SET/3 VANILLA SCENTED CANDLE IN BOX,135
BIRDHOUSE GARDEN MARKER ,135
SET 3 WICKER LOG BASKETS,134
SET OF 9 BLACK SKULL BALLOONS,134
"SPRING DEC , HANGING CHICK CREAM",134
PEARL CRYSTAL PUMPKIN T-LIGHT HLDR,134
BIRDHOUSE DECORATION MAGIC GARDEN,134
DINOSAUR BIRTHDAY CARD,133
RAIN PONCHO WITH RED SPOTS,133
BANQUET BIRTHDAY  CARD  ,132
VINTAGE RED TEATIME MUG,132
DINOSAURS  WRITING SET ,132
GLASS JAR ENGLISH CONFECTIONERY,131
VINTAGE BILLBOARD LOVE/HATE MUG,131
CREAM SLICE FLANNEL PINK SPOT ,131
LOVE HEART SOCK HANGER,131
SKULLS WRITING SET ,131
S/16 VINTAGE IVORY CUTLERY,131
TOADSTOOL MONEY BOX,131
BROCADE RING PURSE ,131
ENVELOPE 50 ROMANTIC IMAGES,130
EASTER TIN BUCKET,130
SET/6 PURPLE BUTTERFLY T-LIGHTS,130
VINTAGE PAISLEY STATIONERY SET,130
RECIPE BOX PANTRY YELLOW DESIGN,130
CAKE PLATE LOVEBIRD WHITE,130
12 PENCIL SMALL TUBE WOODLAND,130
HAPPY STENCIL CRAFT,130
JAPANESE CROCHETED ANIMAL,130
BABUSHKA LIGHTS STRING OF 10,130
SANDALWOOD FAN,130
 3 STRIPEY MICE FELTCRAFT,129
OCEAN STRIPE HAMMOCK ,129
"DECORATION HEN ON NEST, HANGING",128
TRADITIONAL CHRISTMAS RIBBONS,128
FAIRY CAKE CANDLES,127
RED PAPER PARASOL,127
JIGSAW TREE WITH BIRDHOUSE,127
CREAM SWEETHEART LETTER RACK,127
SET OF 6 GIRLS CELEBRATION CANDLES,126
DINOSAUR LUNCH BOX WITH CUTLERY,126
EIGHT PIECE DINOSAUR SET,126
TOAST ITS - FAIRY FLOWER,126
PARTY FOOD SHOPPER BAG,126
POTTING SHED TWINE,126
BLUE PADDED SOFT MOBILE,126
BIRD DECORATION RED SPOT,125
RED TEA TOWEL CLASSIC DESIGN,125
SET/20 FRUIT SALAD PAPER NAPKINS ,125
KENSINGTON COFFEE SET,125
CHOC TRUFFLE GOLD TRINKET POT ,125
FAIRY CAKE NOTEBOOK A5 SIZE,125
5 HOOK BLACKBOARD ORGANISER ,125
RING OF ROSES BIRTHDAY CARD,125
CHILDS BREAKFAST SET DOLLY GIRL ,125
DINOSAUR PARTY BAG + STICKER SET,125
75 GREEN FAIRY CAKE CASES,124
RED SPOTTY WASHBAG,124
DOOR MAT RESPECTABLE HOUSE,124
KASHMIR FOLKART TUMBLERS,124
LOVE HEART POCKET WARMER,124
TEA TIME KITCHEN APRON,124
SET OF 12 LILY BOTANICAL T-LIGHTS,123
CREAM SWEETHEART WALL CABINET,123
SET/3 RED GINGHAM ROSE STORAGE BOX,123
PURPLE PAPER PARASOL,123
VINTAGE BILLBOARD TEA MUG,123
PINK JUMPER LARRY THE LAMB,123
GROW YOUR OWN HERBS SET OF 3,123
RED GINGHAM TEDDY BEAR ,123
LOVE GARLAND PAINTED ZINC ,122
METAL SIGN CUPCAKE SINGLE HOOK,122
VINTAGE UNION JACK APRON,122
SMALL MARSHMALLOWS PINK BOWL,122
PIZZA PLATE IN BOX,121
CAT BOWL ,121
FAIRY CAKES NOTEBOOK A6 SIZE,121
RED SPOTTY CANDY BAG,121
BLUE/CREAM STRIPE FRINGE HAMMOCK,121
BLUE PARTY BAGS ,121
PINK UNION JACK  LUGGAGE TAG,120
FELT EGG COSY WHITE RABBIT ,120
GLASS JAR DIGESTIVE BISCUITS,120
ENVELOPE 50 BLOSSOM IMAGES,120
DOORMAT RED SPOT,120
GLAMOROUS  MUG,120
SPOTTY  HOME SWEET HOME DOORMAT,120
ENAMEL WATERING CAN CREAM,119
EAU DE NIL DINER WALL CLOCK,119
VICTORIAN SEWING KIT,119
RED/CREAM STRIPE FRINGE HAMMOCK,119
RED FLOWER CROCHET FOOD COVER,119
NEW ENGLAND TEATOWELS,119
PACK OF 12 SKULL TISSUES,119
BUNNY WOODEN PAINTED WITH BIRD ,118
WRAP ENGLISH ROSE ,118
VINTAGE SEASIDE JIGSAW PUZZLES,118
SET OF THREE VINTAGE GIFT WRAPS,118
AIRLINE BAG VINTAGE JET SET RED,118
CHERRY CROCHET FOOD COVER,118
S/4 VALENTINE DECOUPAGE HEART BOX,117
BLUE PAPER PARASOL ,117
LUNCH BOX I LOVE LONDON,117
CREAM SWEETHEART SHELF + HOOKS,117
PIGGY BANK RETROSPOT ,117
VINTAGE UNION JACK SHOPPING BAG,117
SET/3 DECOUPAGE STACKING TINS,117
EMPIRE TISSUE BOX,117
COOKING SET RETROSPOT,116
RECIPE BOX RETRO SPOT DESIGN,116
WOODLAND  STICKERS,116
HOLIDAY FUN LUDO,116
LAVENDER SCENTED SET/9 T-LIGHTS,116
PARTY INVITES WOODLAND,115
CHILDS GARDEN SPADE BLUE,115
"RECORD FRAME 7"" SINGLE SIZE ",115
DOORMAT NEW ENGLAND,115
BUTTERFLIES STICKERS,115
GLASS CAKE COVER AND PLATE,115
TEA TIME TEAPOT IN GIFT BOX,115
CHERRY DESIGN PAPERLANTERNS,114
EMPIRE GIFT WRAP,114
COUNTRY COTTAGE  DOORSTOP GREEN,114
PIZZA SLICE DISH,113
FELT EGG COSY BLUE RABBIT ,113
SET/4 WHITE RETRO STORAGE CUBES ,113
DINOSAUR LUNCHBOX WITH CUTLERY,113
BIRD HOUSE HOT WATER BOTTLE,113
GREY FLORAL FELTCRAFT SHOULDER BAG,113
SET 6 FOOTBALL CELEBRATION CANDLES,112
MAGNETS PACK OF 4 SWALLOWS,112
CHINESE DRAGON PAPER LANTERNS,112
IVORY HANGING DECORATION  BIRD,112
SET 12 WILDFLOWER BOTANICAL T-LIGHT,112
HEART CALCULATOR,112
"POPCORN HOLDER , SMALL ",112
ELEPHANT TOY WITH BLUE T-SHIRT,112
PINK  HEART SHAPE LOVE BUCKET ,112
DAIRY MAID TRADITIONAL TEAPOT ,112
RETROSPOT PADDED SEAT CUSHION,112
POTTING SHED COFFEE MUG,111
BLUE DINER WALL CLOCK,111
BLUE TEATIME PRINT BOWL ,111
RED/WHITE SPOT PICNIC BAG,111
CAST IRON HOOK GARDEN FORK,111
RETRO SPOT SMALL TUBE MATCHES,111
PINK DIAMANTE PEN IN GIFT BOX,110
BATH DUCK WATERING CAN,110
"WRAP,SUKI AND FRIENDS",110
HEARTS  STICKERS,110
CERAMIC STRAWBERRY MONEY BOX,110
EASTER CRAFT 4 CHICKS ,110
SET OF 72 GREEN PAPER DOILIES,109
PACK OF 12 BLUE PAISLEY TISSUES ,109
SKULLS WRAP,109
PINK OWL SOFT TOY,109
ORANGE SCENTED SET/9 T-LIGHTS,109
24 HANGING EASTER EGGS FLORAL TUB,109
WATERING CAN GARDEN MARKER,109
12 PINK ROSE PEG PLACE SETTINGS,109
TWO DOOR CURIO CABINET,109
SKULL AND CROSSBONES  GARLAND ,108
BLUE TEA TOWEL CLASSIC DESIGN,108
GIRLS ALPHABET IRON ON PATCHES ,108
STRAWBERRY HONEYCOMB  GARLAND ,108
PICCADILLY TEA SET,108
RED RETROSPOT TEA CUP AND SAUCER ,108
MAGNETS PACK OF 4 CHILDHOOD MEMORY,108
LARGE HANGING IVORY & RED WOOD BIRD,108
LADLE LOVE HEART PINK,108
10 COLOUR SPACEBOY PEN,108
CHILDS BREAKFAST SET SPACEBOY ,107
STRAWBERRY SCENTED SET/9 T-LIGHTS,107
MONSTERS STENCIL CRAFT,107
SET OF 2 TINS VINTAGE BATHROOM ,107
TEATIME CAKE TIN WITH HANDLE,107
SET 12 LAVENDER  BOTANICAL T-LIGHTS,107
DECORATIVE FLORE BATHROOM BOTTLE,106
RED SPOTTY SHOPPING BAG,106
COSMETIC BAG VINTAGE ROSE PAISLEY,106
CAST IRON HOOK GARDEN TROWEL,106
LOVE HEART TRINKET POT,106
YELLOW METAL CHICKEN HEART ,106
LADLE LOVE HEART RED ,106
12 DAISY PEGS IN WOOD BOX,106
GINGHAM HEART DECORATION,106
URBAN BLACK RIBBONS ,105
SET OF 6 VINTAGE NOTELETS KIT,105
BIRD DECORATION GREEN  SPOT,105
DECORATIVE ROSE BATHROOM BOTTLE,105
RED RETROSPOT MUG,105
ROTATING LEAVES T-LIGHT HOLDER,105
WHITE CHERRY LIGHTS,105
EASTER CRAFT IVY WREATH WITH CHICK,104
TEA COSY RED  STRIPE,104
RECYCLED PENCIL WITH RABBIT ERASER,104
LIPSTICK PEN RED,104
WELCOME  WOODEN BLOCK LETTERS,104
MIRRORED DISCO BALL ,104
SET OF 3 BLACK FLYING DUCKS,104
TEA COSY VINTAGE UNION JACK,104
T-LIGHT HOLDER HANGING LACE,103
DOG TOY WITH PINK CROCHET SKIRT,103
DOORMAT AIRMAIL ,103
SET OF 4 ENGLISH ROSE PLACEMATS,103
KEEP OUT BOYS DOOR HANGER ,103
CHILDS GARDEN SPADE PINK,103
SPRING FLOWER CHOPSTICKS SET/5,103
BALLOON PUMP WITH 10 BALLOONS,103
RETRO SPOT CERAMIC TOASTRACK,103
DAISIES  HONEYCOMB GARLAND ,102
UNION JACK GUNS & ROSES  DOORMAT,102
IVORY ENCHANTED FOREST PLACEMAT,102
PINK ROSE WASHBAG,102
6 RIBBONS EMPIRE  ,102
WHEELBARROW FOR CHILDREN ,102
6 ROCKET BALLOONS ,102
PINK JUICY FRUIT PHOTO FRAME,102
STRAWBERRY CANDY BAG,101
HANGING MEDINA LANTERN SMALL,101
BEADED LOVE HEART JEWELLERY SET,101
MOBILE VINTAGE HEARTS ,101
POLKA DOT RAFFIA FOOD COVER,101
SET OF 6 FUNKY BEAKERS,101
TROPICAL  HONEYCOMB PAPER GARLAND ,101
ASSORTED TUTTI FRUTTI PEN,101
RED POLKA DOT TISSUE BOX,101
LARGE CAKE STAND HANGING HEARTS,101
HOT BATHS SOAP HOLDER,101
SET OF 6 HEART CHOPSTICKS,101
"SPRING DEC , HANGING CHICK  YELLOW",100
ENAMEL WASH BOWL CREAM,100
PINK BABY BUNTING,99
WOOD STAMP SET THANK YOU,99
SET3 BOOK BOX GREEN GINGHAM FLOWER ,99
PHOTO CUBE,99
SILVER PLATE CANDLE BOWL LARGE,99
PARTY CONES CARNIVAL ASSORTED,99
CHERRY BLOSSOM  DECORATIVE FLASK,99
SCOTTIES DES CHILD'S APRON,98
ASSORTED TUTTI FRUTTI SMALL PURSE,98
SHOE SHINE BOX ,98
SET OF 12  VINTAGE POSTCARD SET,98
CIRCUS PARADE LUNCH BOX ,98
LARGE CIRCULAR MIRROR MOBILE,98
ENAMEL PINK TEA CONTAINER,98
SKULLS  DESIGN  COTTON TOTE BAG,97
SET/4 SKULL BADGES,97
RED SPOTTY BIG BOWL,97
"FRENCH BOTTLE , LAVENDER",96
TOAST ITS - BEST MUM,96
WOODLAND  HEIGHT CHART STICKERS ,96
ENVELOPE 50 CURIOUS IMAGES,96
EMBOSSED GLASS TEALIGHT HOLDER,96
PARTY CONES CANDY ASSORTED,96
VANILLA SCENT CANDLE JEWELLED BOX,96
"WALL MIRROR , DIAMANTE OVAL SHAPE",96
PACK OF 6 SWEETIE GIFT BOXES,96
BLUE  SPOTTY EGG CUP ,96
LETS GO SHOPPING COTTON TOTE BAG,96
SET OF 2 ROUND TINS CAMEMBERT ,96
TEA TIME TEA SET IN GIFT BOX,96
MOODY GIRL DOOR HANGER ,95
12 MINI TOADSTOOL PEGS,95
SOFT PINK ROSE TOWEL ,95
ASSORTED CREEPY CRAWLIES,95
BALLOON WATER BOMB PACK OF 35,95
SET OF 6 STRAWBERRY CHOPSTICKS,95
WHITE TALL PORCELAIN T-LIGHT HOLDER,95
HAPPY EASTER HANGING DECORATION,95
PINK POLKADOT KIDS BAG,95
PARTY CONE CHRISTMAS DECORATION ,95
POTTING SHED CANDLE CITRONELLA,95
"SPRING DEC , HANGING CHICK  GREEN",94
PARTY INVITES JAZZ HEARTS,94
ASSORTED TUTTI FRUTTI LARGE PURSE,94
CERAMIC BIRDHOUSE FINCH BLUE ROOF,94
PACK OF 20 FAIRY CAKE PAPER NAPKINS,94
VINTAGE UNION JACK PENNANT,94
VINTAGE KITCHEN PRINT PUDDINGS,94
SWALLOW CIGAR BOX MATCHES ,94
EMPIRE UNION JACK TV DINNER TRAY,94
EMBOSSED HEART 3 DRAWER SHELF,93
ASSORTED TUTTI FRUTTI MIRROR,93
STRAWBERRIES  DESIGN FLANNEL ,93
ZINC FINISH 15CM PLANTER POTS,93
CARAVAN SQUARE TISSUE BOX,93
BOUDOIR SQUARE TISSUE BOX,93
PINK METAL CHICKEN HEART ,93
BLUE FLYING SINGING CANARY,93
DANISH ROSE PHOTO FRAME,93
SET/3 POLKA DOT STACKING TINS,92
SWEETHEART CREAM STEEL FOLDIN BENCH,92
RIBBON REEL FLORA + FAUNA ,92
SET/4 PINK ORCHID CANDLES IN BOWL,92
SMALL SKULL WINDMILL,92
HEADS AND TAILS SPORTING FUN,92
SET/20 COLLAGE PAPER NAPKIN ,92
"POPCORN HOLDER , LARGE",92
GREY HEART HOT WATER BOTTLE,92
CROSS STITCH ALPHABET CUSHION COVER,91
SILK PURSE RUSSIAN DOLL PINK,91
PINK SPOTS CHOCOLATE NESTING BOXES ,91
ROSE FOLKART HEART DECORATIONS,91
PINK SMALL GLASS CAKE STAND,91
BOTANICAL ROSE GREETING CARD,91
PINK FLOWER CROCHET FOOD COVER,91
ABSTRACT CIRCLE JOURNAL ,91
PAPER POCKET TRAVELING FAN ,91
PINK/BROWN DOTS RUFFLED UMBRELLA,90
75 GREEN PETIT FOUR CASES,90
ASSORTED TUTTI FRUTTI ROUND BOX,90
PARTY INVITES DINOSAURS,90
"FEATHER PEN,HOT PINK",90
FAIRY TALE COTTAGE NIGHTLIGHT,90
ASSORTED COLOUR T-LIGHT HOLDER,90
DECORATION WHITE CHICK MAGIC GARDEN,90
GLASS JAR PEACOCK BATH SALTS,90
UNION STRIPE CUSHION COVER ,89
PINK HEARTS PAPER GARLAND,89
WAY OUT METAL SIGN ,89
CANDY SPOT HEART DECORATION,89
JAZZ HEARTS PURSE NOTEBOOK,89
DECORATION  BUTTERFLY  MAGIC GARDEN,89
MONEY BOX POCKET MONEY DESIGN,89
MINI JIGSAW SPACEBOY,89
SILK PURSE RUSSIAN DOLL RED,88
RABBIT  DESIGN  COTTON TOTE BAG,88
COSY SLIPPER SHOES LARGE GREEN,88
LUNCH BAG DOLLY GIRL DESIGN,88
SWALLOW GIANT TUBE MATCHES,88
MAGIC DRAWING SLATE PURDEY,88
WALL MOUNTED VINTAGE ORGANISER,88
TUB 24 PINK FLOWER PEGS,88
ROMANTIC IMAGES SCRAP BOOK SET,88
METAL SIGN HER DINNER IS SERVED ,88
MONEY BOX HOUSEKEEPING DESIGN,87
WOOD FAN WITH FLOWER DESIGN,87
HANGING GLASS ETCHED TEALIGHT,87
HANGING WOOD AND FELT HEART,87
NURSE'S BAG SOFT TOY,87
KINGS CHOICE GIANT TUBE MATCHES,87
EASTER DECORATION NATURAL CHICK,87
DAISY GARDEN MARKER,87
"FOLDING UMBRELLA , RED/WHITE SPOT",87
HAIRCLIPS FORTIES FABRIC ASSORTED,87
HANGING RIDGE GLASS T-LIGHT HOLDER,87
SMALL LICORICE DES PINK BOWL,86
MAGIC DRAWING SLATE DOLLY GIRL ,86
STRAWBERRY DREAM CHILDS UMBRELLA,86
MULTI HEARTS  STICKERS,86
S/16 VINTAGE ROSE CUTLERY,86
ASSORTED COLOUR SET 6 TEASPOONS,86
SET OF 2 ROUND TINS DUTCH CHEESE,86
ABSTRACT CIRCLES SKETCHBOOK ,86
DOOR MAT GREEN PAISLEY ,86
6 CROCHET STRAWBERRIES,86
CHILDS GARDEN RAKE BLUE,86
HOUSE WRECKING METAL SIGN ,86
SWEETIES  STICKERS,86
MOODY BOY  DOOR HANGER ,85
"DIAMANTE HEART SHAPED WALL MIRROR, ",85
SEWING SUSAN 21 NEEDLE SET,85
3D SHEET OF DOG STICKERS,85
MOTORING TISSUE BOX,85
SKULLS DESIGN FLANNEL,85
RETRO SPOT GIANT  TUBE MATCHES,85
DAIRY MAID SUGAR JAM BOWL,85
PAPER CHAIN KIT SKULLS ,85
IVORY PAPER CUP CAKE CASES ,85
SMALL RETRO SPOT MUG IN BOX  RED,84
PACK OF 12 COLOURED PENCILS,84
FLAMINGO LIGHTS,84
TOMATO CHARLIE+LOLA COASTER SET,84
TEA PARTY  WRAPPING PAPER ,84
SET OF 6 SOLDIER SKITTLES,84
BOYS ALPHABET IRON ON PATCHES,83
BLUE OWL SOFT TOY,83
EASTER TREE YELLOW BIRDS,83
CURIOUS IMAGES SCRAP BOOK SET,83
GREEN CHERRY LIGHTS,83
BLACK DINER WALL CLOCK,83
ENGLISH ROSE DESIGN QUILTED THROW,83
SEASIDE STRIPE HAMMOCK,83
CERAMIC BIRDHOUSE BUTTERFLY SMALL,82
BLUE SPOTTY PASSPORT COVER,82
3D SHEET OF CAT STICKERS,82
WOODEN BOX ADVENT CALENDAR ,82
TV DINNER TRAY DOLLY GIRL,82
ABSTRACT CIRCLES NOTEBOOK,82
12 RED ROSE PEG PLACE SETTINGS,82
BLUE/CREAM STRIPE CUSHION COVER ,82
HANGING FAIRY CAKE DECORATION,82
ROTATING SILVER ANGELS T-LIGHT HLDR,81
HANGING WOOD AND FELT BUTTERFLY ,81
STRIPEY CHOCOLATE NESTING BOXES,81
CLASSIC METAL BIRDCAGE PLANT HOLDER,81
ENAMEL PINK SUGAR CONTAINER,81
BASKET OF TOADSTOOLS,81
RECIPE BOX BLUE SKETCHBOOK DESIGN,81
WHITE TRAVEL ALARM CLOCK,81
WHITE/BLUE PULL BACK RACING CAR,81
ENAMEL PINK COFFEE CONTAINER,81
SET OF 72 SKULL PAPER  DOILIES,81
SMALL RETRO SPOT MUG IN BOX  WHITE,81
TROPICAL PASSPORT COVER ,81
TEA TIME PAPER LANTERNS,81
12 EGG HOUSE PAINTED WOOD,81
FLORAL FOLK STATIONERY SET,81
HANGING MEDINA LANTERN LARGE,80
SET OF 3 BLUE STRIPE BASKET,80
SEASIDE FLYING DISC,80
TEATIME FUNKY FLOWER BACKPACK FOR 2,80
JIGSAW TREE WITH WATERING CAN,80
SET OF 6 CAKE CHOPSTICKS,80
CERAMIC LOVE HEARTS DESIGN MUG,80
FAWN AND MUSHROOM GREETING CARD,80
MODERN FLORAL STATIONERY SET,80
KIDS RAIN MAC PINK,80
KIDS RAIN MAC BLUE,80
DOORMAT SPOTTY HOME SWEET HOME,79
VINTAGE BILLBOARD MUG ,79
CARD CIRCUS PARADE,79
POTTING SHED ROSE CANDLE,79
SPOTTY PINK DUCK DOORSTOP,79
CHARLIE + LOLA BISCUITS TINS,79
TEA COSY BLUE STRIPE,79
ALPHABET STENCIL CRAFT,79
BUNNY EGG BOX,79
"DECORATION , WOBBLY RABBIT , METAL ",79
BEACH HUT KEY CABINET,79
JOY WOODEN BLOCK LETTERS,79
LIPSTICK PEN FUSCHIA,79
EIGHT PIECE CREEPY CRAWLIE SET,79
WILLOW BRANCH LIGHTS.,79
GLASS ETCHED T-LIGHT HOLDER MEDIUM,78
ENGLISH ROSE TABLE CLOTH,78
CAKES AND RABBITS DESIGN FLANNEL ,78
COFFEE MUG BLUE PAISLEY DESIGN,78
STANDING METAL RABBIT WITH EGG,78
RAIN PONCHO ,78
PACK OF 20 SPACEBOY NAPKINS,78
HOME GARLAND PAINTED ZINC ,78
DOORMAT FANCY FONT HOME SWEET HOME,78
EASTER BUNNY GARLAND OF FLOWERS,78
HYACINTH BULB T-LIGHT CANDLES,78
ASSORTED TUTTI FRUTTI HEART BOX,78
GIRLY PINK TOOL SET,77
GLASS ETCHED T-LIGHT HOLDER LARGE,77
STRIPES DESIGN MONKEY DOLL,77
6 RIBBONS ELEGANT CHRISTMAS ,77
RED SPOTTY EGG CUP ,77
GLASS JAR KINGS CHOICE,77
PENCIL CASE LIFE IS BEAUTIFUL,77
BLUE SPOTTY LUGGAGE TAG ,77
TOAST ITS - HAPPY BIRTHDAY,77
LOO ROLL  METAL SIGN ,77
SET OF 36 DINOSAUR PAPER DOILIES,77
BLUE ROSE FABRIC MIRROR,77
BEADED CRYSTAL HEART PINK SMALL,77
RED DINER WALL CLOCK,77
BIRDS MOBILE VINTAGE DESIGN,77
MINT GREEN ROSE TOWEL,77
OCEAN SCENT CANDLE IN JEWELLED BOX,77
SET/3 OCEAN SCENT CANDLE JEWEL BOX,77
PAINT YOUR OWN CANVAS SET,77
SET 12 PEAR BOTANICAL T-LIGHTS,76
ASSORTED TUTTI FRUTTI NOTEBOOK,76
3D DOG PICTURE PLAYING CARDS,76
GREEN FERN JOURNAL ,76
FUNKY MONKEY MUG,76
DOORMAT 3 SMILEY CATS,76
SMALL RED SPOT  WINDMILL,76
BUNNY WOODEN PAINTED WITH FLOWER ,76
CAKE STAND LOVEBIRD 2 TIER PINK,76
TRIANGULAR RIDGED GLASS POSY HOLDER,75
LADS ONLY TISSUE BOX,75
SET OF 6 3D KIT CARDS FOR KIDS,75
12 PENCILS SMALL TUBE POSY,75
MAGIC DRAWING SLATE DINOSAUR,75
MAGIC DRAWING SLATE CIRCUS PARADE  ,75
WHITE WITH BLACK CATS MUG,75
CANDY SHOP  STICKER SHEET,75
AIRLINE BAG VINTAGE WORLD CHAMPION ,75
DO NOT TOUCH MY STUFF DOOR HANGER ,75
RIDGED GLASS POSY VASE ,75
12 COLOURED PARTY BALLOONS,75
SMALL CHOCOLATES PINK BOWL,74
CARD DOLLY GIRL ,74
MINI CAKE STAND HANGING HEARTS,74
PIG KEYRING WITH LIGHT & SOUND ,74
"LARGE CAKE TOWEL, CHOCOLATE SPOTS",74
FLOWERS  STICKERS,74
PINK HORSE SOCK PUPPET,74
JELLY BABIES YELLOW SMALL BOWL,74
CAROUSEL DES CHILD'S OVERALL,74
RETRO SPOTS PUDDING BOWL,74
CHILDS GARDEN RAKE PINK,74
"WHITE PEARL BEADED HEART, SMALL",74
FELT TOADSTOOL LARGE,74
MAGIC DRAWING SLATE BAKE A CAKE ,74
TROPICAL LUGGAGE TAG,73
DOORMAT RESPECTABLE HOUSE,73
BLACK CANDELABRA T-LIGHT HOLDER,73
MUMMY MOUSE RED GINGHAM RIBBON,73
VINTAGE CARAVAN GIFT WRAP,73
DOLLY MIXTURE CHILDREN'S UMBRELLA,73
WHITE WITH BLACK CATS BOWL,73
MILK BOTTLE WITH GLASS STOPPER ,73
CARD HOLDER GINGHAM HEART,73
ASSORTED TUTTI FRUTTI  FOB NOTEBOOK,73
GROW YOUR OWN FLOWERS SET OF 3,73
MAGIC DRAWING SLATE BUNNIES ,73
POLKADOT CUTLERY 24 PCS IN TRAY,73
KITTENS DESIGN FLANNEL,73
RETRO PLASTIC ELEPHANT TRAY,73
SET OF RED SALAD SERVERS ,72
SET OF 3 BIRD LIGHT PINK FEATHER ,72
SET OF 2 TINS JARDIN DE PROVENCE,72
ASSTD DESIGN RACING CAR PEN,72
CAKE PLATE LOVEBIRD PINK,72
LARGE RED RETROSPOT WINDMILL,72
BLUE PAISLEY NOTEBOOK,72
ROSE SCENT CANDLE IN JEWELLED BOX,72
TOXIC AREA  DOOR HANGER ,72
BLUE/BROWN DOTS RUFFLED UMBRELLA,72
HEART GARLAND RUSTIC PADDED,72
NOEL WOODEN BLOCK LETTERS ,72
3 HEARTS HANGING DECORATION RUSTIC,72
FUNKY FLOWER PICNIC BAG FOR 4,72
FROG CANDLE,72
CREAM SLICE FLANNEL CHOCOLATE SPOT ,72
POTTING SHED SEED ENVELOPES,72
RED/CREAM STRIPE CUSHION COVER ,72
BLACK KITCHEN SCALES,72
EASTER BUNNIES ON A STICK,71
ROSE DU SUD DRAWSTRING BAG,71
LARGE TAHITI BEACH BAG,71
DOORMAT HOME SWEET HOME BLUE ,71
GARDEN PATH SKETCHBOOK,71
BUNNY EGG GARLAND,71
VINTAGE GLASS TEA CADDY,71
ENGLISH ROSE GARDEN SECATEURS,71
SET OF 3 CONEY ISLAND OVAL BOXES,71
LARGE MEDINA STAMPED METAL BOWL ,71
MORE BUTTER METAL SIGN ,70
RETRO PLASTIC POLKA TRAY,70
MONEY BOX KINGS CHOICE DESIGN,70
SPOTS DESIGN MUG W PINK INSIDE,70
CARRIAGE,70
HANGING SPRING FLOWER EGG LARGE,70
GARDEN PATH JOURNAL,70
"GARLAND, MAGIC GARDEN 1.8M",70
VINYL RECORD FRAME SILVER,70
RED HEART LUGGAGE TAG,70
MILK PAN BLUE RETROSPOT,70
SET/3 ROSE CANDLE IN JEWELLED BOX,70
BABY MOUSE RED GINGHAM DRESS,70
PASTEL STRIPE HAMMOCK ,70
PINK FAIRY CAKE CHILDRENS APRON,70
GLASS STAR FROSTED T-LIGHT HOLDER,70
SPACEBOY TV DINNER TRAY,69
CERAMIC BIRDHOUSE CRESTED TIT SMALL,69
OFFICE MUG WARMER POLKADOT,69
SILK PURSE RUSSIAN DOLL BLUE,69
SILVER LATTICE VANILLA CANDLE POT,69
LOLITA  DESIGN  COTTON TOTE BAG,69
EASTER DECORATION SITTING BUNNY,69
EASTER DECORATION HANGING BUNNY,69
ASSORTED SANSKRIT MINI NOTEBOOK,69
COFFEE MUG PINK PAISLEY DESIGN,69
CHRISTMAS PUDDING TRINKET POT ,69
"SWISS ROLL TOWEL, CHOCOLATE  SPOTS",69
PICNIC BOXES SET OF 3 RETROSPOT ,69
SWALLOW SQUARE TISSUE BOX,68
PEACE SMALL WOOD LETTERS,68
SET/10 IVORY SPOTTY PARTY CANDLES,68
WOOD STAMP SET BEST WISHES,68
4 IVORY DINNER CANDLES SILVER FLOCK,68
CHRYSANTHEMUM NOTEBOOK,68
ENAMEL BLUE RIM BISCUIT BIN,68
CHRYSANTHEMUM  JOURNAL,68
PURPLE/TURQ FLOWERS HANDBAG,68
COSY HOUR CIGAR BOX MATCHES ,68
COSY HOUR GIANT TUBE MATCHES,68
CHARLIE+LOLA RED HOT WATER BOTTLE ,68
SET OF 36 SILVER PAPER DOILIES,68
DOOR HANGER  MUM + DADS ROOM,68
STAR DECORATION RUSTIC,68
BLUE POT PLANT CANDLE ,67
PINK ROSE FABRIC MIRROR,67
FRENCH ENAMEL POT W LID,67
SWEETHEART CARRY-ALL BASKET,67
75 BLACK PETIT FOUR CASES,67
RETRO PLASTIC DAISY TRAY,67
LOCAL CAFE MUG,67
SET OF 3 RED STRIPE BASKETS,67
MEDIUM MEDINA STAMPED METAL BOWL ,67
POTTING SHED SOW 'N' GROW SET,67
BLACK FACE LAMB WITH PANTS,67
RED BABY BUNTING ,67
CONGRATULATIONS BUNTING,67
"NURSERY A,B,C PAINTED LETTERS",67
SPACE BOY BIRTHDAY CARD,67
FRENCH ENAMEL WATER BASIN,67
"BROCADE PURSE,SMALL ARCH BUTTON",66
PORCELAIN ROSE LARGE ,66
COSY SLIPPER SHOES LARGE RED,66
SET/6 WOODLAND PAPER CUPS,66
BLUE PAISLEY JOURNAL ,66
SEWING BOX RETROSPOT DESIGN ,66
SMALL SPOTTY CHOCOLATE GIFT BAG ,66
SWEETHEART CREAM STEEL TABLE RECT,66
SILVER MINI TAPE MEASURE ,66
AIRLINE BAG VINTAGE JET SET WHITE,66
JAZZ HEARTS ADDRESS BOOK,65
TOOL BOX SOFT TOY ,65
FELT FARM ANIMAL CHICKEN,65
S/12 VANILLA  BOTANICAL T-LIGHTS,65
SET/3 FLORAL GARDEN TOOLS IN BAG,65
CIRCLE OF FRIENDS CANDLE HOLDER,65
GLASS JAR MARMALADE ,65
KITTY PENCIL ERASERS,65
"FRENCH BOTTLE, BRASSERIE DES ARTIST",65
SILVER VANILLA FLOWER CANDLE POT,65
SKULL LUNCHBOX WITH CUTLERY ,65
WOOD STAMP SET HAPPY BIRTHDAY,65
PARTY CONES CANDY TREE DECORATION,65
PINK BUTTERFLY CUSHION COVER ,65
CHRYSANTHEMUM SKETCHBOOK ,65
DISCO BALL ROTATOR BATTERY OPERATED,65
GREEN BIRDHOUSE DECORATION,64
SKULL DESIGN TV DINNER TRAY,64
GINGHAM OVEN GLOVE RED HEART ,64
FRENCH ENAMEL UTENSIL HOLDER,64
CERAMIC BIRDHOUSE CRESTED TIT LARGE,64
PACK 4 FLOWER/BUTTERFLY PATCHES,64
DEEP BLUE GLASS GEMS IN BAG,64
MAGNETS PACK OF 4 VINTAGE COLLAGE,64
MEASURING TAPE RUSSIAN DOLL RED,64
VANILLA INCENSE IN TIN,64
BISCUITS SMALL BOWL LIGHT BLUE,64
BLOSSOM IMAGES SCRAP BOOK SET,64
LAVENDER INCENSE IN TIN,64
ROSES IN WHITE HEART CANDLE ,64
FAIRY CAKE GREETINGS CARD,64
BUNNY DECORATION MAGIC GARDEN,64
HANGING BUTTERFLY  EGG,64
GARDENIA 3 WICK MORRIS BOXED CANDLE,64
CHRISTMAS GINGHAM HEART,63
PINK METAL SWINGING BUNNY,63
DOORSTOP FOOTBALL DESIGN,63
75 BLACK FAIRY CAKE CASES,63
CHRISTMAS CRAFT HEART STOCKING ,63
GREEN FERN SKETCHBOOK ,63
SAVOY ART DECO CLOCK,63
GREEN METAL SWINGING BUNNY,63
OFFICE MUG WARMER BLACK+SILVER ,63
BLACK BAROQUE CUCKOO CLOCK,63
RED FLOCK LOVE HEART PHOTO FRAME,63
15CM CHRISTMAS GLASS BALL 20 LIGHTS,63
BUTTERFLY CROCHET FOOD COVER,63
TOP SECRET PEN SET,63
JIGSAW TOADSTOOLS 3 PIECE,63
BLUE SPOTTY PURSE ,63
S/4 BLUE ROUND DECOUPAGE BOXES,63
CARNIVAL BRACELET,63
BLUE PULL BACK RACING CAR,63
OFFICE MUG WARMER CHOC+BLUE,62
JUMBO BAG DOLLY GIRL DESIGN,62
FELT FARM ANIMAL WHITE BUNNY ,62
EGG CUP NATURAL CHICKEN,62
PINK  HEART CONFETTI IN TUBE,62
GLASS CAKE STAND,62
GREEN FERN NOTEBOOK,62
PINK HEART SHAPE PHOTO FRAME,62
"DECOUPAGE,GREETING CARD,",62
RED AND WHITE SPOT TAPE,62
GARDEN PATH NOTEBOOK ,62
HAND OPEN SHAPE GOLD,62
CARD I LOVE LONDON ,62
DAISY FOLKART HEART DECORATION,62
PINK/YELLOW FLOWERS HANDBAG,62
MAGIC TREE -PAPER FLOWERS,62
LARGE ROUND WICKER PLATTER ,62
STARS GIFT TAPE ,61
DOCTOR'S BAG SOFT TOY,61
DAIRY MAID  SMALL  MILK JUG,61
BANK ACCOUNT  GREETING  CARD ,61
FELTCRAFT HAIRBAND PINK AND BLUE,61
FIVE CATS HANGING DECORATION,61
SET OF 4 FAIRY CAKE PLACEMATS,61
BLUE BIRDHOUSE DECORATION,61
CHARLIE LOLA BLUE HOT WATER BOTTLE ,61
BLUE POLKADOT KIDS BAG,61
TRAVEL SEWING KIT,61
GLASS CHICKEN BUTTER DISH,61
GOLD  CHERRY LIGHTS,61
6 RIBBONS SHIMMERING PINKS ,61
PINK HAWAIIAN PICNIC HAMPER FOR 4,61
"SWISS ROLL TOWEL, PINK  SPOTS",61
RED RETROSPOT PUDDING BOWL,61
GREEN MINI TAPE MEASURE ,61
WOOD STAMP SET FLOWERS,61
OPULENT VELVET SET/3 CANDLES,61
DOORMAT WELCOME TO OUR HOME,61
NIGHTINGALE COATHOOK WHITE,61
VINTAGE GLASS COFFEE CADDY,60
BROWN  PIRATE TREASURE CHEST ,60
FOLKART HEART NAPKIN RINGS,60
PINK HAWAIIAN PICNIC HAMPER FOR 2,60
PINK OVAL JEWELLED MIRROR,60
RETRO SPOT CANDLE  SMALL,60
BLUE PAISLEY SKETCHBOOK,60
"STRING OF 8 BUTTERFLIES,PINK",60
  DOORMAT UNION JACK GUNS AND ROSES,60
OLD DOC RUSSEL METAL SIGN,60
FLAG OF ST GEORGE CAR FLAG,60
ZINC HEART LATTICE T-LIGHT HOLDER,60
DAIRY MAID STRIPE MUG,60
CANDY SPOT EGG WARMER HARE,60
IVORY HANGING BIRD PLANTER ,60
DECORATION  PINK CHICK MAGIC GARDEN,59
3D HEARTS  HONEYCOMB PAPER GARLAND,59
CARD BIRTHDAY COWBOY,59
FELTCRAFT HAIRBANDS PINK AND WHITE ,59
QUEEN OF SKIES LUGGAGE TAG,59
STEEL SWEETHEART ROUND TABLE CREAM,59
CREAM CUSHION COVER WITH FLOWERS,59
ENAMEL COLANDER CREAM,59
RETRO MOD TRAY,59
WHITE HANGING BEADS CANDLE HOLDER,59
CLEAR MILKSHAKE GLASS,59
12 ASS ZINC CHRISTMAS DECORATIONS,58
PINK MARSHMALLOW SCARF KNITTING KIT,58
LARGE HEART FLOWERS HOOK   ,58
MODERN VINTAGE COTTON SHOPPING BAG,58
BLUE WHITE SPOTS GARDEN PARASOL,58
MINI JIGSAW BUNNIES,58
GIANT MEDINA STAMPED METAL BOWL ,58
CANDY PINK FRENCH BOUDOIR CLOCK,58
RED STAR CARD HOLDER,58
DOORMAT FAIRY CAKE,58
BEADED PEARL HEART WHITE LARGE,58
FAIRY DREAMS INCENSE ,58
CARROT CHARLIE+LOLA COASTER SET,58
CAROUSEL DES CHILD'S APRON,58
PINK PAISLEY ROSE GIFT WRAP,58
S/16 VINTAGE PISTACHIO CUTLERY,58
LILAC DIAMANTE PEN IN GIFT BOX,58
PANDA AND BUNNIES STICKER SHEET,58
SET/6 IVORY BIRD T-LIGHT CANDLES,58
GREEN JUICY FRUIT PHOTO FRAME,57
CAKE SHOP  STICKER SHEET,57
 FLAMINGO LIGHTS,57
CLASSIC FRENCH STYLE BASKET GREEN ,57
PINK FAIRY CAKE CUSHION COVER,57
PINK STRIPE HOT WATER BOTTLE,57
ENGLISH ROSE TAPE MEASURE,57
KNITTED MUG COSY IVORY COLOUR ,57
PORCELAIN ROSE SMALL,57
TOOTHPASTE TUBE PEN,57
BLUE SCANDINAVIAN PAISLEY WRAP,57
BEACH HUT DESIGN BLACKBOARD,57
FELT TOADSTOOL  SMALL,57
URBAN CHIC CHOPSTICKS SET/5,57
VINTAGE KITCHEN PRINT FRUITS,57
MIXED NUTS LIGHT GREEN BOWL,57
NATURAL BARK CANDLE SMALL,57
BLACK CHERRY LIGHTS,57
"DECORATION , HANGING METAL RABBIT",57
36 DOILIES SPACEBOY DESIGN ,56
FROG KING WATERING CAN,56
GARDENIA 1 WICK MORRIS BOXED CANDLE,56
RETRO SPOT PADDED SEAT CUSHION,56
PINK WHITE SPOTS GARDEN PARASOL,56
RETRO PINK SPOT WASHING UP GLOVES,56
BLACK WINE GLASS,56
CERAMIC PIRATE CHEST MONEY BANK,56
"WRAP, FRIENDSHIP ON GREEN",56
"FOLDING UMBRELLA , BLACK/BLUE  SPOT",56
MULTICOLOUR 3D BALLS GARLAND,56
COSY SLIPPER SHOES SMALL  RED ,56
SMALL RED RETROSPOT MUG IN BOX ,56
FELTCRAFT HAIRBAND RED AND BLUE,56
KEEP OUT GIRLS DOOR HANGER ,56
BLACK PIRATE TREASURE CHEST,56
HEART EAR MUFF HEADPHONES,56
RIBBONS PURSE ,56
CLASSIC FRENCH STYLE BASKET NATURAL,55
ANTIQUE ALL GLASS CANDLESTICK,55
MONEY BOX BISCUITS DESIGN,55
MINI JIGSAW CIRCUS PARADE ,55
WOODLAND STORAGE BOX LARGE ,55
CAKE STAND VICTORIAN FILIGREE LARGE,55
BLUE SWEETHEART BRACELET,55
BLACK EAR MUFF HEADPHONES,55
BOTANICAL LAVENDER BIRTHDAY CARD,55
DINOSAUR HEIGHT CHART STICKER SET,55
PAINTED PINK RABBIT ,55
BLUE SAVANNAH PICNIC HAMPER FOR 2,55
HEART DECORATION RUSTIC HANGING ,55
BIRTHDAY BANQUET GIFT WRAP,55
BOX/12 CHICK & EGG IN BASKET,55
SET/4 BADGES BALLOON GIRL,55
ROSE SCENT CANDLES IN GLASS,54
RED DAISY PAPER LAMPSHADE,54
ASSORTED WHITE EMBOSSED CHINA MUGS,54
BLACK TEA TOWEL CLASSIC DESIGN,54
FAIRY CAKE CERAMIC BUTTER DISH,54
ANGEL DECORATION STARS ON DRESS,54
PARTY INVITES BALLOON GIRL,54
PACK OF 12 SPACEBOY TISSUES,54
CAROUSEL DESIGN BABY BIB,54
FRYING PAN BLUE POLKADOT ,54
LOVELY BONBON STICKER SHEET,54
VINTAGE RED MUG,54
TV DINNER TRAY VINTAGE PAISLEY,54
BEACH HUT MIRROR,54
SET OF 3 BIRD L.BLUE FEATHER,54
HANGING SPRING FLOWER EGG SMALL,54
SET OF 3 DANISH ROSE PLANTERS,53
PLACE SETTING WHITE STAR,53
ENCHANTED BIRD PLANT CAGE,53
BASKET OF FLOWERS SEWING KIT,53
SET OF 12 MINI BUNNIES IN A BUCKET,53
HI TEC ALPINE HAND WARMER,53
"FEATHER PEN,COAL BLACK",53
PINK KNITTED COW STUFFED TOY,53
CAKES AND BOWS GIFT  TAPE,53
RETRO PLASTIC 70'S TRAY,53
FELT FARM ANIMAL RABBIT,53
PACK 6 HEART/ICE-CREAM PATCHES,53
FRENCH ENAMEL CANDLEHOLDER,53
PARTY INVITES FOOTBALL,53
WOVEN ROSE GARDEN CUSHION COVER ,53
PARTY TIME PENCIL ERASERS,53
SET/4 BUTTERFLY MIRROR MAGNETS,53
4 IVORY DINNER CANDLES GOLD FLOCK,53
CHRISTMAS HANGING HEART WITH BELL,53
ASSORTED COLOUR SILK GLASSES CASE,52
EMPIRE DESIGN ROSETTE,52
SET/6 COLLAGE PAPER PLATES,52
RETRO LAUNDRY TUB PISTACHIO,52
SET OF THREE 50'S GIFT WRAPS ,52
BLUE SAVANNAH PICNIC HAMPER FOR 4,52
CERAMIC STRAWBERRY TRINKET TRAY,52
AIRLINE BAG VINTAGE JET SET BROWN,52
GUMBALL MONOCHROME COAT RACK,52
IF YOU CAN'T STAND THE HEAT MUG,52
SKULLS STORAGE BOX SMALL,52
MULTICOLOUR SPRING FLOWER MUG,52
RETROSPOT CHILDRENS APRON,52
CHRISTMAS STAR WISH LIST CHALKBOARD,52
LARGE RED SPOT WINDMILL,52
DOOR MAT NEIGHBOURHOOD WITCH ,52
SILVER  CANDLEPOT JARDIN ,52
ROSE DU SUD CHILDS APRON,52
SCOTTIES DESIGN BABY BIB,52
S/16 VINTAGE SKY BLUE CUTLERY,51
2 PICTURE BOOK EGGS EASTER BUNNY,51
POSY CANDY BAG,51
PACK OF 12 CIRCUS PARADE TISSUES ,51
POCKET BAG BLUE PAISLEY RED SPOT,51
CERAMIC BIRDHOUSE RED ROOF SMALL,51
PINK/WHITE RIBBED MELAMINE JUG,51
WHITE BAMBOO RIBS LAMPSHADE,51
DOVE DECORATION PAINTED ZINC ,51
MIRRORED DOVE WALL DECORATION,51
CHRISTMAS CRAFT HEART DECORATIONS,51
ENAMEL FIRE BUCKET CREAM,51
ASSORTED TUTTI FRUTTI BRACELET,51
MAGNETS PACK OF 4 HOME SWEET HOME,51
GREEN ROSE WASHBAG,51
DOORMAT I LOVE LONDON,51
PEACE WOODEN BLOCK LETTERS,50
BLUE PATCH PENCIL CASE PINK HEART,50
ASS COL LARGE SAND FROG P'WEIGHT,50
FRENCH EMROIDR LAVENDER SCENT HEART,50
VINTAGE KEEPSAKE BOX PINK FLOWER,50
RED HANGING METAL STAR TLIGHT HLDR,50
ALPHABET HEARTS STICKER SHEET,50
BOTANICAL ROSE GIFT WRAP,50
BLUE VICTORIAN FABRIC HEART BOX,50
ASSORTED COLOUR SILK COSMETIC PURSE,50
WOVEN BERRIES CUSHION COVER ,50
CLASSICAL ROSE SMALL VASE,50
PINK SWEETHEART BRACELET,50
BUDDHA INCENSE HOLDER ASSORTED,50
RED ENCHANTED FOREST PLACEMAT,50
GREEN CHRISTMAS TREE CARD HOLDER,50
UNION FLAG WINDSOCK,50
NATURAL BARK CANDLE LARGE,50
SQUARE CHERRY BLOSSOM CABINET,50
CANDY POP CHUNKY KNITTED THROW ,50
SOMBRERO ,50
SET/6 3D KIT CARDS FOR KIDS,50
SQUARE MIRROR CURTAIN,50
VINTAGE KITCHEN PRINT VEGETABLES,49
ECONOMY LUGGAGE TAG,49
PINK FLY SWAT,49
RED ORGANIC CANDLE IN GLASS,49
HEART T-LIGHT HOLDER,49
BLUE FLY SWAT,49
BROWN FURRY HOT WATER BOTTLE,49
S/4 IVORY MINI ROSE CANDLE IN BOWL,49
FUNKY MONKEY GIFT BAG MEDIUM,49
FOLDING UMBRELLA  CREAM/MULTI  SPOT,49
COLOURFUL STANDING GNOME,49
6 HOOK JEWELLERY STAND BLACK DRESS,49
 PEACE WOODEN BLOCK LETTERS,49
SET/4 BADGES DOGS,49
SILVER DIAMANTE PEN IN GIFT BOX,48
SET OF 4 DIAMOND NAPKIN RINGS,48
BLUE JUICY FRUIT PHOTO FRAME,48
SMALL MEDINA STAMPED METAL BOWL ,48
FLORAL BLUE MONSTER,48
ROBOT MUG IN DISPLAY BOX,48
FLOOR CUSHION ELEPHANT CARNIVAL,48
ICE CREAM DESIGN GARDEN PARASOL,48
BUBBLE GUM SCARF KNITTING KIT,48
CHERRY BLOSSOM BATHROOM CABINET,48
BLUE CALCULATOR RULER,48
SMALL CAMPHOR WOOD FIELD  MUSHROOM,48
RED RETROSPOT TOASTRACK,48
FIRST CLASS LUGGAGE TAG ,48
JIGSAW RABBIT AND BIRDHOUSE,48
POLKA DOT PISTACHIO PAIL,48
RETRO LAUNDRY TUB PINK,48
MEASURING TAPE RUSSIAN DOLL PINK,48
COLOURFUL FISHING GNOME,48
DAIRY MAID CERAMIC BUTTER DISH,48
BLUE ROSE PATCH PURSE PINK BUTTERFL,48
EIGHT PIECE SNAKE  SET,48
ELEPHANT CARNIVAL POUFFE,48
WHITE BELL HONEYCOMB PAPER ,47
PENS ASSORTED FUNNY FACE,47
SET/6 WOODLAND PAPER PLATES,47
PINK HEART CANDY BUTTON CALCULATOR,47
SWEET VALENCIA CANDLE+CUP,47
RED VICTORIAN FABRIC OVAL BOX,47
RED  SPOTTY COFFEE  MUG,47
SMALL SILVER TRELLIS CANDLEPOT,47
ASSORTED COLOUR SILK COIN PURSE,47
JASMINE TEA INCENSE IN TIN,47
ETCHED GLASS STAR TREE DECORATION,47
MINI JIGSAW DOLLY GIRL,47
BOHEMIAN COLLAGE STATIONERY SET,47
TEA TIME BREAKFAST BASKET,47
"GREETING CARD, RITA",47
CHILDRENS APRON SPACEBOY DESIGN,47
ETCHED GLASS COASTER,47
PINK PICNIC BARBECUE BUCKET,47
CHARLIE AND LOLA FIGURES TINS,47
VIPPASSPORT COVER ,46
WHITE RETRODISC LAMPSHADE,46
WHITE WITH BLACK CATS PLATE,46
BLUE PAISLEY POCKET BOOK,46
ROSE DU SUD CUSHION COVER ,46
BOTANICAL LILY GREETING CARD,46
RETRO SPOT CANDLE  LARGE,46
BOOM BOX SPEAKER BOYS,46
GIANT PINK HEART MEMO HOLDER,46
QUEEN OF THE SKIES PASSPORT COVER ,46
NEW ENGLAND CERAMIC CAKE SERVER,46
SET OF 4 FAIRY CAKE PLACEMATS ,46
IVORY HANGING DECORATION  EGG,46
S/4 BLACK DINNER CANDLE SILVER FLOC,46
CAMOUFLAGE EAR MUFF HEADPHONES,46
VINTAGE KITCHEN PRINT SEAFOOD,46
PINK PATCH PURSE BLUE HEART,46
GREEN CAT FLORAL CUSHION COVER ,46
DOORMAT FRIENDSHIP ,46
RED  EGG  SPOON,46
"FEATHER PEN,LIGHT PINK",46
SUNSET CHECK HAMMOCK,46
STAR PORTABLE TABLE LIGHT ,46
CHARLOTTE BAG DOLLY GIRL DESIGN,46
SET OF 6 KASHMIR FOLKART BAUBLES,46
ETCHED GLASS DROPLET DECORATION,46
FELTCRAFT HAIRBAND PINK AND PURPLE,46
VINTAGE KEEPSAKE BOX PARIS DAYS,46
DOORMAT TOPIARY,45
4 LILY  BOTANICAL DINNER CANDLES,45
GARDEN PATH POCKET BOOK,45
12 PENCILS TALL TUBE POSY,45
S/3 PINK COL METAL BASKET W HANDLE,45
MINI FUNKY DESIGN TAPES,45
SILVER SKULL HOT WATER BOTTLE ,45
ANTIQUE GLASS HEART DECORATION ,45
MOCK LOBSTER FRIDGE MAGNET,45
"TUMBLER, NEW ENGLAND",45
"WALL MIRROR , RECT DIAMANTE, PINK/",45
200 BENDY SKULL STRAWS,45
SMALL STRIPES CHOCOLATE GIFT BAG ,45
SET/6 PINK BIRD T-LIGHT CANDLES,45
SKULLS SQUARE TISSUE BOX,45
MAGNETS PACK OF 4 VINTAGE LABELS ,45
FLYING PIG WATERING CAN,45
DOORMAT BLACK FLOCK ,45
DOORMAT NEIGHBOURHOOD WITCH ,45
STRING OF 20 ROSE LIGHTS,45
DOORMAT ENGLISH ROSE ,45
POMPOM CURTAIN,45
ASSORTED TUTTI FRUTTI KEYRING BALL,45
JOY LARGE WOOD LETTERS,45
PAINTED YELLOW WOODEN DAISY,45
SNOWSTORM PHOTO FRAME FRIDGE MAGNET,45
PREMIUM CHURCH CANDLE,45
FOLDING UMBRELLA  PINK/WHITE  SPOT,45
LUNCHBAG SPACEBOY DESIGN ,45
ENGLISH ROSE SCISSORS,45
S/16 VINTAGE BLACK CUTLERY,44
HEARTS WRAPPING TAPE ,44
CAMOFLAGE DESIGN TEDDY,44
CANDY SPOT APRON,44
CARD CAT AND TREE ,44
SUNSET COLOUR CHUNKY KNITTED THROW,44
PORCELAIN T-LIGHT HOLDERS ASSORTED,44
SET/6 FROG PRINCE T-LIGHT CANDLES,44
ZINC FOLKART SLEIGH BELLS,44
 SILVER CHERRY LIGHTS,44
S/15 SILVER GLASS BAUBLES IN BAG,44
DAIRY MAID  PUDDING BOWL,44
WHITE SOAP RACK WITH 2 BOTTLES,44
CRAZY DAISY HEART DECORATION,44
PINK  HONEYCOMB PAPER BALL ,44
MINI JIGSAW DINOSAUR ,44
RATTLE SNAKE EGGS,44
SET OF 4 POLKADOTS COASTERS,44
ASS COL LARGE SAND GECKO P'WEIGHT,44
VINTAGE BEAD PINK SHADE ,44
ROSE DES PADDED FLOOR CUSHION,44
SET/5 BLUE SPOTTY LID GLASS BOWLS,43
WHITE BELL HONEYCOMB PAPER GARLAND ,43
WRAP RED APPLES ,43
BLUE YELLOW FLOWER PIGGY BANK,43
SET/4 BADGES WOODLAND ANIMAL,43
DOORMAT WELCOME SUNRISE,43
YELLOW DRAGONFLY HELICOPTER,43
CHARLIE & LOLA WASTEPAPER BIN BLUE,43
CLASSICAL ROSE DISH,43
RED SHARK HELICOPTER,43
SMALL GLASS SUNDAE DISH CLEAR,43
SKULLS STORAGE BOX LARGE,43
FIRST CLASS PASSPORT COVER ,43
GLASS BONBON JAR. SUPERFINES,43
GREEN PICNIC BARBECUE BUCKET,43
INLAID WOOD INCENSE HOLDER,43
BLUE PATCH PURSE PINK HEART,43
SILVER PLATE CANDLE BOWL SMALL,43
IVORY PILLAR CANDLE SILVER FLOCK,43
ENGLISH ROSE NOTEBOOK A6 SIZE,43
SET OF 3 PINK FLYING DUCKS,42
WHITE BITTY LIGHT CHAIN ,42
WOODEN HEART CHRISTMAS SCANDINAVIAN,42
COSY SLIPPER SHOES SMALL GREEN,42
WHITE CHRISTMAS TREE DECORATION ,42
WHITE CHRISTMAS HEART DECORATION,42
MONEY BOX CONFECTIONERY DESIGN,42
ROSE 3 WICK MORRIS BOX CANDLE,42
S/4 SKY BLUE DINNER CANDLES,42
BLUE EGG  SPOON,42
BLUE VICTORIAN FABRIC OVAL BOX,42
CAKE STAND VICTORIAN FILIGREE MED,42
SET OF PICTURE FRAME  STICKERS,42
CERAMIC BOWL WITH LOVE HEART DESIGN,42
BATHROOM SCALES FOOTPRINTS IN SAND,42
POP'S GREASY SPOON METAL SIGN,42
FOLDING UMBRELLA  CHOC/WHITE  SPOT,42
ASSORTED FLORAL SECATEURS,42
HANGING PHOTO CLIP ROPE LADDER,42
SMALL TALL CAMPHOR WOOD TOADSTOOL,42
WHITE HEART CONFETTI IN TUBE,41
SET/12 TAPER CANDLES,41
RETRO SISTERS EXPRESSO CUPS,41
CANDY HEART HANGING DECORATION,41
SET/4 BADGES BEETLES,41
ENGLISH ROSE IRONING BOARD COVER,41
 HOME SWEET HOME  BLACKBOARD,41
PAINTED BIRD ASSORTED CHRISTMAS,41
SKULLS AND CROSSBONES WRAP,41
FLAG OF ST GEORGE ,41
OLD ROSE COMBO BEAD NECKLACE,41
BLUE GINGHAM ROSE CUSHION COVER,41
TURQ ICE CREAM BUM BAG ,41
CHRISTMAS RETROSPOT HEART WOOD,41
"DECORATION , WOBBLY CHICKEN, METAL ",41
CHERRY BLOSSOM PASSPORT COVER,41
METAL SIGN HIS DINNER IS SERVED,41
SILVER BOOK MARK WITH BEADS,41
S/4 GROOVY CAT MAGNETS,40
VINTAGE NOTEBOOK BEAUTY GIRL,40
BLUE ROCKING SINGING CANARY,40
FROG SOCK PUPPET,40
METAL TUBE CHIME ON BAMBOO,40
METAL MEDINA LANTERN ,40
DENIM PATCH PURSE PINK BUTTERFLY,40
TRIANGULAR POUFFE VINTAGE ,40
DOORMAT UNION JACK GUNS AND ROSES,40
SET 7 BABUSHKA NESTING BOXES,40
DISCO BALL CHRISTMAS DECORATION,40
BLACK SMALL GLASS CAKE STAND,40
BEACH HUT PHOTO FRAME,40
HANGING WOOD AND FELT FLOWER,40
ASS COL SMALL SAND GECKO P'WEIGHT,40
JASMINE VOTIVE CANDLE,40
DAISY NOTEBOOK ,40
PINK STITCHED WALL CLOCK,40
WHITE CHRISTMAS STAR DECORATION,40
PARTY INVITES SPACEMAN,40
TEXRIO TOMATOES CANDLE+CUP,40
ASSORTED FARMYARD ANIMALS IN BUCKET,40
POCKET BAG PINK PAISELY BROWN SPOT,39
PAISLEY PATTERN  STICKERS,39
BALLOON ART MAKE YOUR OWN FLOWERS,39
GREEN SWEETHEART BRACELET,39
SCOTTIES DESIGN WASHBAG,39
ETCHED GLASS BIRD TREE DECORATION,39
PINK PAISLEY SQUARE TISSUE BOX ,39
CERAMIC BIRDHOUSE FINCH BLUE  LARGE,39
OFFICE MUG WARMER PINK,39
HILDA CANDY SPOT RABBIT,39
SET/6 GINGERBREAD STAR T-LIGHTS,39
FELT EGG COSY LADYBIRD ,39
MINI JIGSAW PURDEY,39
ANGEL DECORATION 3 BUTTONS ,39
ANT COPPER LIME BOUDICCA BRACELET,39
SET/4 RED MINI ROSE CANDLE IN BOWL,39
LIPSTICK PEN BABY PINK,39
SQUARE FLOOR CUSHION VINTAGE RED,39
COFFEE SCENT PILLAR CANDLE,39
TV DINNER TRAY AIR HOSTESS ,39
2 PICTURE BOOK EGGS EASTER CHICKS,39
HEART STRING MEMO HOLDER HANGING,39
CLEAR COLOUR GLASS GEMS IN BAG,39
YELLOW POT PLANT CANDLE,39
S/16 VINTAGE RED CUTLERY,39
WRAP BLUE RUSSIAN FOLKART,39
WOVEN BUBBLE GUM CUSHION COVER,39
3 GARDENIA MORRIS BOXED CANDLES,38
GLASS CHALICE GREEN  SMALL ,38
POLYESTER FILLER PAD 65CMx65CM,38
DAISY SKETCHBOOK ,38
BEADED PEARL HEART WHITE ON STICK,38
APRON MODERN VINTAGE COTTON,38
2 PICTURE BOOK EGGS EASTER DUCKS,38
SET OF 3 GOLD FLYING DUCKS,38
BASKET/8 SCENTED LOVE TOKEN CANDLES,38
CARD WEDDING DAY,38
DELUXE SEWING KIT ,38
MINI PAINTED GARDEN DECORATION ,38
MINI  ZINC GARDEN DECORATIONS ,38
S/4 ROSE PINK DINNER CANDLES,38
"SMALL POP BOX,FUNKY MONKEY",38
S/4 ROSE    BOTANICAL  CANDLE,38
VINTAGE NOTEBOOK PARIS DAYS,38
SET OF 6 ICE CREAM SKITTLES,38
ABSTRACT CIRCLES POCKET BOOK,38
WOODLAND STORAGE BOX SMALL,38
WICKER STAR ,38
COCKLE SHELL DISH,38
S/12 MINI RABBIT EASTER,38
YELLOW PURPLE DAISY FELT PURSE KIT,38
FOLKART CROWN TABLE DECORATIONS,38
MAGIC DRAWING SLATE LEAP FROG ,38
PINK STRAWBERRY HANDBAG ,38
YELLOW KNITTED KIDS RUCKSACK,37
"DECORATION , HANGING METAL CHICKEN",37
BLUE  DIAMANTE PEN IN GIFT BOX,37
JADE GREEN ENAMEL HAIR COMB,37
MAGIC DRAWING SLATE GO TO THE FAIR ,37
DAISY JOURNAL ,37
PINK GLASS TASSLE BAG CHARM ,37
CHARLIE & LOLA WASTEPAPER BIN FLORA,37
BOOZE & WOMEN GREETING CARD ,37
HEARTS GIFT TAPE,37
CHRISTMAS GINGHAM STAR,37
PINK PATCH PENCIL CASE BLUE HEART,37
SMALL PURPLE BABUSHKA NOTEBOOK ,37
MIDNIGHT GLAMOUR SCARF KNITTING KIT,37
CHOCOLATE 3 WICK MORRIS BOX CANDLE,37
SET/3 POT PLANT CANDLES,37
GARLAND WITH HEARTS AND BELLS,37
"ART LIGHTS,FUNK MONKEY",37
CITRUS GARLAND FELT FLOWERS ,36
ROSE SCENT CANDLE JEWELLED DRAWER,36
DOORSTOP RUSSIAN DOLL RETROSPOT,36
CHRISTMAS TOILET ROLL,36
SET OF 2 TEA TOWELS PING MICROWAVE,36
MAGIC GARDEN MOUNT FUJI,36
IVORY LOVE BIRD CANDLE,36
BLACK MINI TAPE MEASURE ,36
RELAX LARGE WOOD LETTERS,36
ILLUSTRATED CAT BOWL ,36
BLUE CHALET BIRDFEEDER,36
MULTICOLOUR HONEYCOMB FAN,36
BLUE DRAGONFLY HELICOPTER,36
RIDGED GLASS STORAGE JAR CREAM LID,36
LARGE STRIPES CHOCOLATE GIFT BAG,36
GLASS CAKE STAND MIRRORED BASE,36
SET OF 4 NEW ENGLAND COASTERS ,36
SILVER HANGING T-LIGHT HOLDER DOME,36
CARD DOG AND BALL ,36
TUB 24 HANGING EASTER EGGS SPOTTY,36
RED ROSE AND LACE C/COVER,36
S/4 BLUE DINNER CANDLE SILVER FLOCK,36
FAIRY CAKE WICKER PICNIC BASKET ,36
MULTICOLOUR HONEYCOMB PAPER GARLAND,36
CHERRY BLOSSOM LUGGAGE TAG,36
PINK TEATIME PRINT BOWL,36
SET/6 COLLAGE PAPER CUPS,36
SET/3 RABBITS FLOWER SKIPPPING ROPE,36
VINTAGE PHOTO ALBUM PARIS DAYS,36
WRAP GREEN RUSSIAN FOLKART ,36
LIGHTHOUSE PRINTED METAL SIGN,36
EAU DE NILE HEART SHAPE PHOTO FRAME,36
4 PEAR BOTANICAL DINNER CANDLES,36
WOOLLY HAT SOCK GLOVE ADVENT STRING,36
PIN CUSHION RUSSIAN DOLL RED,36
PING! MICROWAVE PLATE,36
ZINC TOP  2 DOOR WOODEN SHELF ,35
WIRE FLOWER T-LIGHT HOLDER,35
SET OF 3 NOTEBOOKS IN PARCEL,35
MAGIC SHEEP WOOL GROWING FROM PAPER,35
LUNCHBAG SUKI  DESIGN ,35
ANT COPPER PINK BOUDICCA BRACELET,35
FLOWER PENCIL/RUBBER+5 MINI PENCILS,35
ASS FLORAL PRINT TAPE MEASURE,35
RETRO SPOT CANDLE  MEDIUM,35
VINTAGE BEAD NOTEBOOK,35
FOLK ART METAL HEART T-LIGHT HOLDER,35
PINK MURANO TWIST BRACELET,35
BLACK GRAND BAROQUE PHOTO FRAME,35
BROWN FLOWER LIGHTS,35
DOORMAT WELCOME PUPPIES,35
CERAMIC BIRDHOUSE BLACK ROSE  LARGE,35
T-LIGHT HOLDER WHITE LACE,34
EASTER DECORATION EGG BUNNY ,34
BEADED CRYSTAL HEART PINK LARGE,34
WRAP CIRCUS PARADE,34
EDWARDIAN TOILET ROLL UNIT ,34
SKULLS TAPE,34
ASSORTED LAQUERED INCENSE HOLDERS,34
JARDIN ETCHED GLASS GINGER JAR,34
PINK BREAKFAST CUP AND SAUCER ,34
RED DAISY POCKET BOOK ,34
PENS ASSORTED SPACEBALL,34
PARTY PIZZA DISH RED WHITE SPOT ,34
WHITE SNOW SCANDINAVIAN STOCKING ,34
SMALL HAMMERED SILVER CANDLEPOT ,34
PARTY PIZZA DISH RED RETROSPOT,34
PIN CUSHION RUSSIAN DOLL PINK,34
CERAMIC PLATE LOVE HEART DESIGN,34
PURPLE GLASS TASSLE BAG CHARM,34
SCENTED CANDLE IN DIGITALIS TIN,34
SMALL SILVER FLOWER CANDLE POT,34
ROUND CACTUS CANDLE,34
PINK POT PLANT CANDLE,34
GLITTER CHRISTMAS HEART ,34
DECORATIVE NET CANOPY CREAM,34
S/4 PURPLE DINNER CANDLE BLK FLOCK,34
"S/6 HALLOWEEN GHOST T LIGHTS, 5CM H",34
ANTIQUE CREAM CUTLERY SHELF ,34
CHRYSANTHEMUM POCKET BOOK ,34
S/3 TEAR DROP CUT GLASS DECORATION,34
ROSES REGENCY TEACUP AND SAUCER ,34
SMALL ORIENTAL BLUE FOLDING STOOL,34
CAMPHOR WOOD PORTOBELLO MUSHROOM,34
PURPLE SWEETHEART BRACELET,34
DAIRY MAID BUTTER DISH,34
COLUMBIAN CANDLE ROUND,34
ENAMEL BLUE RIM COFFEE CONTAINER,34
IVY HEART WREATH,34
MIDNIGHT BLUE VINTAGE EARRINGS,34
GLITTER STAR GARLAND WITH BELLS ,34
DAISY HAIR BAND,33
BEACH HUT SHELF W 3 DRAWERS,33
BLACK AND WHITE PAISLEY FLOWER MUG,33
ASSORTED INCENSE PACK,33
S/2 BEACH HUT TREASURE CHESTS,33
PATCHWORK PENCIL CASE BUTTERFLY ,33
COLUMBIAN CANDLE ROUND ,33
PARTY TIME DESIGN FLANNEL,33
WHITE SAGE INCENSE,33
PINK JEWELLED PHOTO FRAME,33
WATERING CAN SINGLE HOOK PISTACHIO,33
PAPERWEIGHT SAVE THE PLANET,33
ROSES BLUE BASE CUSHION COVER ,33
"TUMBLER, ENGLISH ROSE",33
ROSE DU SUD OVEN GLOVE,33
ASSORTED CHEESE FRIDGE MAGNETS,33
VICTORIAN METAL POSTCARD CHRISTMAS,33
CHRISTMAS HANGING TREE WITH BELL,33
LARGE CHINESE STYLE SCISSOR,33
MOUSEY LONG LEGS SOFT TOY,33
GLASS CHALICE BLUE SMALL ,33
SET/6 STRAWBERRY PAPER CUPS,33
SMALL WHITE RETROSPOT MUG IN BOX ,33
MINI JIGSAW BAKE A CAKE ,33
ELVIS WALLHANGING / CURTAIN,33
SMALLFOLKART BAUBLE CHRISTMAS DEC,33
TOYBOX  WRAP ,33
ENGLISH ROSE METAL WASTE BIN,33
GOLD MINI TAPE MEASURE ,33
CABIN BAG VINTAGE RETROSPOT,33
CHRISTMAS CRAFT WHITE FAIRY ,33
GLASS CHALICE GREEN  LARGE ,33
ENGLISH ROSE PLACEMATS,33
VINTAGE GLASS SUGAR CADDY,32
36 PENCILS TUBE POSY,32
VINTAGE GOLD TINSEL REEL,32
CROCHET BEAR WITH BLUE STRIPES,32
WOVEN SUNSET CUSHION COVER ,32
WOVEN CANDY CUSHION COVER ,32
PAPERWEIGHT VINTAGE COLLAGE,32
SPACE OWL,32
FENG SHUI PILLAR CANDLE,32
SMALL TAHITI BEACH BAG,32
BLUE SHARK HELICOPTER,32
MA CAMPAGNE 4 DRAWER WALL SHELF,32
NEW ENGLAND EGG WARMER,32
JAZZ HEARTS MAGNETIC MEMO PAD,32
FLOWER WINDMILL,32
SET/6 FRUIT SALAD  PAPER PLATES,32
JAZZ HEARTS MEMO PAD,32
GREEN ENAMEL+GLASS HAIR COMB,32
GREEN REGENCY TEACUP AND SAUCER,32
GREEN FERN POCKET BOOK,32
VINTAGE SHELLS PRINT,32
VIP HOLIDAY PURSE,32
RUBY GLASS CLUSTER EARRINGS,32
HANGING BAUBLE T-LIGHT HOLDER LARGE,32
SILVER TEDDY BEAR,32
HELLO SAILOR BLUE SOAP HOLDER,32
GLITTER HEART GARLAND WITH BELLS ,32
GLITTER CHRISTMAS STAR ,32
MONEY BOX FIRST ADE DESIGN,32
SET/4 BADGES CUTE CREATURES,32
SET OF 4 NEW ENGLAND PLACEMATS,32
LARGE SKULL WINDMILL,32
SMALL REGAL  SILVER CANDLEPOT ,32
BUBBLE GUM CHUNKY KNITTED THROW ,32
BLACK FLOWER CANDLE PLATE,32
BLACK METAL BAROQUE PHOTO FRAME,32
FORKED CACTUS CANDLE,32
ECONOMY PASSPORT COVER ,32
S/4 BLACK LOVEBIRD COASTERS,32
PINK GLASS CANDLEHOLDER,32
WRAP I LOVE LONDON ,31
DOG BOWL CHASING BALL DESIGN,31
FRAPPUCINO SCARF KNITTING KIT,31
FLORAL PINK MONSTER,31
SET/6 EAU DE NIL BIRD T-LIGHTS,31
CAROUSEL DESIGN WASHBAG,31
GREEN MURANO TWIST BRACELET,31
FAIRY CAKES RECTANGLUAR BOXES,31
SCALLOP SHELL SOAP DISH,31
ASSORTED MINI MADRAS NOTEBOOK,31
BAG OF SILVER STONES,31
STRIPY DESIGN SHOWER CAP,31
STRIPES DESIGN TEDDY,31
PINK FELT EASTER RABBIT GARLAND,31
PERIWINKLE T-LIGHT HOLDER,31
SET/6 GOLD REINDEER T-LIGHT CANDLES,31
FAIRY CAKES TILE COASTER,31
CUPID DESIGN SCENTED CANDLES,31
MINI HIGHLIGHTER PENS,31
SET/6 SILVER REINDEER T-LIGHTS,31
RED HEARTS LIGHT CHAIN ,31
FLORAL BATHROOM SET,31
4 WILDFLOWER BOTANICAL CANDLES,30
 CHERRY BLOSSOM  DECORATIVE FLASK,30
WRAP GREEN PEARS ,30
4 VANILLA BOTANICAL CANDLES,30
PAINTED METAL TREE WITH HOLLY BELLS,30
PINK JEWELLED MIRROR TRINKET TRAY,30
YELLOW SHARK HELICOPTER,30
PINK PAISLEY QUILT ,30
DIAMANTE BOW BROOCH BLACK COLOUR,30
SMALL PINK GLASS SUNDAE DISH,30
MIRROR MOSAIC T-LIGHT HOLDER ROUND,30
PACK/12 BLUE FOLKART CARDS,30
PINK POODLE HANGING DECORATION ,30
FOLKART ZINC STAR CHRISTMAS DEC,30
RED CHARLIE+LOLA PERSONAL DOORSIGN,30
SMALL MARAKESH METAL  LANTERN ,30
MOROCCAN BEATEN METAL MIRROR,30
BLUE  SPOTTY  COFFEE MUG,30
ENAMEL BLUE RIM TEA CONTAINER,30
TEATIME ROUND PENCIL SHARPENER ,30
DANISH ROSE UMBRELLA STAND,30
GOLD EAR MUFF HEADPHONES,30
BEADED CRYSTAL HEART BLUE SMALL,30
JACOBS LADDER SMALL,30
SET/6 FRUIT SALAD PAPER CUPS,30
FILIGREE WALL MIRROR  ANTIQUE WHITE,30
RED RETRO BAR STOOL,30
PING MICROWAVE APRON,30
STARFISH SOAP DISH,30
EASTER BUNNY WITH BASKET ON BACK,30
PAINTED METAL HEART WITH HOLLY BELL,30
BIRDCAGE DECORATION TEALIGHT HOLDER,30
PAPERWEIGHT HOME SWEET HOME,30
PINK AND WHITE CHRISTMAS TREE 120CM,30
PINK AND LILAC QUILTED THROW ,30
WHITE GLASS CHUNKY CHARM BRACELET,30
WHITE STITCHED CUSHION COVER,29
WRAP DAISY CARPET ,29
WHITE PICNIC BARBECUE BUCKET,29
GIANT BLACK SUNGLASSES,29
PINK CAT FLORAL CUSHION COVER ,29
BLUE GINGHAM ROSE QUILT ,29
PINK FLOWER FABRIC PONY,29
IVORY PILLAR CANDLE GOLD FLOCK,29
MEDIUM CHINESE STYLE SCISSOR,29
MAGNETS PACK OF 4 RETRO PHOTO,29
SET/6 BEAD COASTERS GAUZE BAG GOLD,29
BLACK VINTAGE EARRINGS,29
PINK/YELLOW RABBIT SAT EASTER,29
SMALL CHINESE STYLE SCISSOR,29
SET/6  ANGEL T-LIGHTS WHITE/GOLD,29
TWO EMBOSSED HEART MINI DRAWERS,29
PURPLE GEMSTONE BRACELET,29
ASSORTED TUTTI FRUTTI PHOTO FRAME,29
STAR DECORATION PAINTED ZINC ,29
SET/4 BIRD MIRROR MAGNETS ,29
"BLACK TEA,COFFEE,SUGAR JARS",29
SET/12 FUNKY FELT FLOWER PEG IN BAG,29
TURQUOISE GLASS TASSLE BAG CHARM ,29
FUSCHIA RETRO BAR STOOL,29
PAIR PADDED HANGERS PINK CHECK,29
WHITE HONEYCOMB PAPER GARLAND ,29
LARGE WHITE HONEYCOMB PAPER BELL  ,29
BUTTONS DESIGN JEWELLERY BOX,29
OCEAN SCENT CANDLE JEWELLED DRAWER,29
RED SPOTTY PUDDING BOWL,29
IVORY HANGING DECORATION  CHICKEN,29
BLUE RETRO BAR STOOL,29
BLUE PAISLEY TISSUE BOX,29
CHRISTMAS GINGHAM TREE,29
VINTAGE POST OFFICE CABINET,29
WHITE AND BLUE CERAMIC OIL BURNER,29
CHRISTMAS HANGING STAR WITH BELL,29
SET/3 TALL GLASS CANDLE HOLDER PINK,29
BUTTON BOX ,29
SMALL MARAKESH LANTERN ON STICK,29
SET OF 4 NAPKIN CHARMS HEARTS,29
SET OF 4 DOTTY PLACEMATS ,29
"LETTER ""K"" BLING KEY RING",28
 IVORY PAPER CUP CAKE CASES ,28
LIGHT BIRD HOUSE TREE DECORATION,28
4 LAVENDER BOTANICAL DINNER CANDLES,28
SWEET PUDDING STICKER SHEET,28
NECKLACE+BRACELET PINK BUTTERFLY,28
LIBRARY LAMP,28
DOORSTOP RUSSIAN DOLL GINGHAM,28
ROSE 1 WICK MORRIS BOXED CANDLE,28
MAXWELL 2 TONE PINK 60 PAGE PHOTO A,28
MEASURING TAPE RUSSIAN DOLL BLUE,28
"GREETING CARD, OVERCROWDED POOL.",28
CHRISTMAS RETROSPOT STAR WOOD,28
ROSE DU SUD COSMETICS BAG,28
POSY SHOPPER BAG,28
CHARLIE AND LOLA TABLE TINS,28
ASS COL SMALL SAND FROG P'WEIGHT,28
"CHARLIE+LOLA""EXTREMELY BUSY"" SIGN",28
STRAWBRY SCENTED VOTIVE CANDLE,28
KASBAH LANTERN WITH GLASS ,28
BLUE CIRCLES DESIGN MONKEY DOLL,28
FAIRY CAKE PLACEMATS,28
BOX/12 MOTHER & CHICK IN BASKET/BOW,28
SILVER CHARM NECKLACE 70CM,28
MINI JIGSAW GO TO THE FAIR,28
CUT GLASS T-LIGHT HOLDER OCTAGON,28
CANDLE PLATE LACE WHITE,28
HEART T-LIGHT HOLDER ,28
DOLLY HONEYCOMB GARLAND,28
HEART SHAPE BUTTON FRAME ,28
SMALL KITCHEN FLOWER POTS PLAQUE,28
METAL RABBIT LADDER EASTER ,28
SET/6 STRAWBERRY PAPER PLATES,28
WRAP  PINK FLOCK,28
WHITE CHOCOLATE SCENT CANDLE,28
S/4 PINK DINNER CANDLE SILVER FLOCK,28
S/4 BURGUNDY WINE DINNER CANDLES,28
ROUND PINK HEART MIRROR,28
WHITE BIRD GARDEN DESIGN MUG,28
SCOTTIES DESIGN CHILD'S OVERALL,28
PINK ENAMEL+GLASS HAIR COMB,28
WHITE MURANO TWIST BRACELET,27
PACK 3 FIRE ENGINE/CAR PATCHES,27
CARDHOLDER GINGHAM CHRISTMAS TREE,27
SET/4 2 TONE EGG SHAPE MIXING BOWLS,27
PINK HEART RED HANDBAG,27
FUNKY GIRLZ ASST MAGNETIC MEMO PAD,27
PINK GINGHAM CAT WITH SCARF,27
"FEATHER DUSTER, COAL BLACK",27
PAIR BUTTERFLY HAIR CLIPS,27
PIG MUG IN TWO COLOUR DESIGNS,27
VINTAGE ROSE BEAD BRACELET RASPBERR,27
ADVENT CALENDAR GINGHAM SACK,27
AFGHAN SLIPPER SOCK PAIR,27
COW  SOCK PUPPET,27
WRAP FOLK ART,27
DAISY RING,27
SPACE BOY GIFT WRAP,27
LARGE PURPLE BABUSHKA NOTEBOOK  ,27
LARGE CAMPHOR WOOD FIELD MUSHROOM ,27
FAIRY CAKE PLACEMATS ,27
FLOWER FAIRY INCENSE BOUQUET,27
SMALL RED BABUSHKA NOTEBOOK ,27
SIX STRING SCANDINAVIAN HEART DECS,27
SMALL YELLOW BABUSHKA NOTEBOOK ,27
BLACK SWEETHEART BRACELET,27
FELT FARM ANIMAL HEN,27
METAL MERRY CHRISTMAS WREATH,27
 VINTAGE DESIGN GIFT TAGS,27
"WHITE TEA,COFFEE,SUGAR JARS",27
SET OF SKULL WALL STICKERS,27
BLUE SQUARE COMPACT MIRROR,27
TEATIME PEN CASE & PENS,27
MISO PRETTY  GUM,27
HANGING BAUBLE T-LIGHT HOLDER SMALL,27
ANIMAL STICKERS,27
ANT COPPER TURQ BOUDICCA BRACELET,27
CHRISTMAS CRAFT LITTLE FRIENDS,27
WHITE ROUND PORCELAIN TLIGHT HOLDER,26
WHITE NEWBAROQUE CANDLESTICK CANDLE,26
CLASSICAL ROSE CANDLESTAND,26
MR ROBOT SOFT TOY,26
PINK 3 TIER GLASS PLATE STAND,26
CUTE CATS TAPE,26
PINK BUTTERFLY HANDBAG W BOBBLES,26
PINK FAIRY CAKE COASTER,26
GOLD PHOTO FRAME,26
RETRO PINK BALL ASHTRAY ,26
HAWAIIAN GRASS SKIRT ,26
GLITTER SNOW PEAR TREE DECORATION,26
PINK REGENCY TEACUP AND SAUCER,26
OLIVE CHALET BIRDFEEDER,26
PURPLE GREEN FLOWER PIGGY BANK,26
MIRRORED WALL ART PHOTO FRAMES,26
"PINK/WHITE ""KEEP CLEAN"" BULLET BIN",26
NEW ENGLAND MILK JUG W GIFT BOX,26
SUNFLOWER DECORATIVE PARASOL,26
S/2 ZINC HEART DESIGN PLANTERS,26
GOLD WASHBAG,26
BLUE  SPOTTY PUDDING BOWL,26
PINK JEWELLED PHOTO FRAME ,26
VINTAGE NOTEBOOK TRAVELOGUE,26
CANDY BUTTON PHOTO ALBUM,26
DOGGY RUBBER,26
SEASIDE FRISBEE ,26
PINK MILKSHAKE GLASS,26
MAXWELL 2 TONE BLUE 60 PAGE PHOTO A,26
BLUE 5 PATCH FLOWER CUSHION COVER,26
GLASS SPHERE CANDLE STAND MEDIUM,26
WHITE ADVENT CANDLE,26
CUBIC MUG PINK POLKA DOT,26
12 PINK HEN+CHICKS IN BASKET,26
 CAMPHOR WOOD PORTOBELLO MUSHROOM,26
WRAP SUKI AND FRIENDS,26
VIP LUGGAGE TAG ,26
RETRO LONGBOARD IRONING BOARD COVER,26
EASTER BUNNY WREATH,25
PINK 5 PATCH FLOWER CUSHION COVER ,25
EASTER BUNNY HANGING GARLAND,25
SET OF 3 SILVER FLYING DUCKS,25
YELLOW EASTER EGG HUNT START POST,25
CHRISTMAS TREE DECORATION WITH BELL,25
PINK LOVE BIRD CANDLE,25
LARGE ROUND CUTGLASS CANDLESTICK,25
FOLDING UMBRELLA  WHITE/RED  SPOT,25
STRING CRYSTALS NATURAL,25
CARTOON  PENCIL SHARPENERS,25
BLUE SCOTTIE DOG W FLOWER PATTERN,25
LARGE CHUNKY GLASS ROMAN BOWL,25
ANGEL DECORATION WITH LACE PADDED,25
S/4 FESTIVE RED DINNER CANDLES,25
"S/4 ICON COASTER,ELVIS LIVES",25
S/4 FESTIVE GREEN DINNER CANDLES,25
S/4 BLACK MINI ROSE CANDLE IN BOWL,25
LETTER SHAPE PENCIL SHARPENER,25
SILVER PHOTO FRAME,25
PINK PAISLEY CUSHION COVER ,25
"LETTER ""S"" BLING KEY RING",25
PAPERWEIGHT CHILDHOOD MEMORIES,25
"PET MUG, BUDGIE",25
SET/6 BLACK SNOWFLAKE T-LIGHTS ,25
CHRISTMAS TREE HEART DECORATION,25
SILVER FISHING GNOME ,25
"RETRO ""TEA FOR ONE"" ",25
RED VICTORIAN FABRIC HEART BOX,25
SET OF 72 BLACK PAPER DOILIES ,25
KITCHEN FLOWER POTS WALL PLAQUE,25
SCENTED VELVET LOUNGE CANDLE ,25
GARLAND WITH STARS AND BELLS,24
PINK EAU DE COLOGNE BOTTLE,24
PACK 3 IRON ON DOG PATCHES,24
VINTAGE ROSE BEAD BRACELET BLACK,24
BLACK RETRO BAR STOOL,24
SMALL GREEN PEONY FOLDING STOOL,24
BUTTERFLY WATER TRANSFER TATTOOS ,24
BLACK ENAMEL FLOWER RING,24
MIRROR LOVE BIRD T-LIGHT HOLDER,24
SILVER GLASS T-LIGHT SET,24
FAIRY CAKES ROUND NESTING BOXES,24
CAKE STAND VICTORIAN FILIGREE SMALL,24
PASTEL COLOUR HONEYCOMB FAN,24
WOVEN FROST CUSHION COVER,24
BLUE MURANO TWIST BRACELET,24
S/4 PISTACHIO LOVEBIRD COASTERS,24
CLAM SHELL SMALL ,24
GLASS BONBON JAR. D'AMANDES,24
3 WICK CHRISTMAS BRIAR CANDLE ,24
SNOWFLAKE PORTABLE TABLE LIGHT ,24
SCOTTIES CHILDRENS APRON,24
FOLK FELT HANGING MULTICOL GARLAND,24
DENIM PATCH PENCIL CASE BUTTERFLY,24
OLD DOC.RUSSEL METAL SIGN,24
RED BIRD HOUSE TREE DECORATION,24
MURANO STYLE GLASS BRACELET PINK,24
BLUE TV TRAY TABLE ,24
GREEN BLUE FLOWER PIGGY BANK,24
SET/2 BLUE  NOODLE BASKETS,24
BLUE CHARLIE+LOLA PERSONAL DOORSIGN,24
TEATIME GEL PENS ASST,24
"LETTER ""J"" BLING KEY RING",24
MULTICOLOUR RABBIT EGG WARMER,24
3 ROSE MORRIS BOXED CANDLES,24
"LETTER ""M"" BLING KEY RING",23
BLUE PUDDING SPOON,23
"LETTER ""A"" BLING KEY RING",23
FRESHWATER PEARL BRACELET GOLD,23
PIN CUSHION RUSSIAN DOLL BLUE,23
PAINTED LIGHTBULB RAINBOW DESIGN,23
MIRROR MOSAIC VOTIVE HOLDER,23
DOORMAT BIRD ON THE WIRE,23
WOODEN STAR CHRISTMAS SCANDINAVIAN,23
VINTAGE PINK DECORATIVE PARASOL,23
YELLOW FLOWERS FELT HANDBAG KIT,23
SET/3 CHRISTMAS BRIAR CANDLES,23
 BROWN  PIRATE TREASURE CHEST ,23
COLUMBIAN CANDLE RECTANGLE,23
BLUE FLOCK GLASS CANDLEHOLDER,23
ROSE DU SUD WASHBAG ,23
PINK HEARTS PHOTO ALBUM,23
CHUNKY SILVER NECKLACE PASTEL FLOWE,23
CHRISTMAS CARD SINGING ANGEL,23
SILVER T-LIGHT SETTING,23
SILVER VANILLA  FLOWER CANDLE POT,23
CANDY SPOT BUNNY,23
SWIRLY CIRCULAR RUBBERS IN BAG,23
GOLD TEDDY BEAR,23
GRASS HOPPER WOODEN WALL CLOCK ,23
GREEN  DIAMANTE PEN IN GIFT BOX,23
PINK/WHITE CHRISTMAS TREE 60CM,23
DARK CHOCOLATE SCENTCANDLE,23
ASS FLORAL PRINT SCISSORS,23
SUMMER FUN DESIGN SHOWER CAP,23
FLOWER FAIRY SUMMER BOUQUET SACHET,23
ECONOMY HOLIDAY PURSE,22
HELLO SAILOR BATHROOM SET,22
VINTAGE KEEPSAKE BOX TRAVELOGUE,22
FRENCH BATHROOM SIGN BLUE METAL,22
CHRISTMAS RETROSPOT TREE WOOD,22
BLUE SPOTTY BEAKER ,22
MA CAMPAGNE MINI WOODEN CHEST,22
SET OF MEADOW  FLOWER STICKERS,22
ROBIN CHRISTMAS CARD,22
GEISHA GIRL CHOPSTICKS SET/5,22
ZINC HEART LATTICE PLANTER BOWL,22
WOODEN CHRISTMAS TREE 3 HANGING,22
BOOM BOX SPEAKER GIRLS,22
ENAMEL COLLANDER CREAM,22
SET 4 NURSERY DES ROUND BOXES,22
LARGE  TALL CAMPHOR WOOD TOADSTOOL ,22
 BLACK PIRATE TREASURE CHEST,22
TEAL/FUSCHIA COL BEAD NECKLACE,22
CERAMIC BIRDHOUSE BUTTERFLY LARGE,22
ST TROPEZ NECKLACE,22
PAINTED METAL STAR WITH HOLLY BELLS,22
ZINC HEART LATTICE DOUBLE PLANTER,22
WHITE HONEYCOMB PAPER FAN ,22
72 ROUND PINK DOILIES,22
PAIR OF ENAMEL FLOWER CLUSTER SLIDE,22
S/3 PINK SQUARE PLANTERS ROSES,22
PINK SCOTTIE DOG W FLOWER PATTERN,22
SMALL FOLKART STAR CHRISTMAS DEC,22
FLAT PALM T-LIGHT HOLDER,22
SMALL ROUND CUT GLASS CANDLESTICK,22
NINJA RABBIT PINK,22
HAND TOWEL PALE BLUE W FLOWERS,22
CERAMIC BIRDHOUSE RED ROOF LARGE,22
BLACK SILVER FLOWER T-LIGHT HOLDER,22
SET/6 GARDEN GNOME T-LIGHT CANDLES,22
DANISH ROSE ROUND SEWING BOX,22
BLACK BAROQUE WALL CLOCK ,22
HIPPY CHIC DECORATIVE PARASOL,22
WHITE SQUARE TABLE CLOCK,21
BLACK/WHITE GLASS/SILVER BRACELET,21
IVORY FELT EASTER RABBIT GARLAND,21
JARDIN ETCHED GLASS FRUITBOWL,21
BOTANICAL LAVENDER GIFT WRAP ,21
SET OF 4 NAPKIN CHARMS CUTLERY,21
MURANO STYLE GLASS BRACELET BLACK,21
CRYSTAL SEA HORSE PHONE CHARM,21
MURANO STYLE GLASS BRACELET RED,21
PURPLE ENAMEL FLOWER RING,21
CHARLIE+LOLA MY ROOM DOOR SIGN,21
BALLERINA HEART DECORATION.,21
CONDIMENT TRAY 4 BOWLS AND 4 SPOONS,21
GINGHAM HEART WREATH,21
PAPERWEIGHT KINGS CHOICE ,21
LARGE PINK GLASS SUNDAE DISH,21
SCANDINAVIAN 3 HEARTS NAPKIN RING,21
DOORMAT MULTICOLOUR STRIPE,21
CANDY SPOT TEA COSY,21
RED REINDEER STRING OF 20 LIGHTS,21
SET/9 CHRISTMAS T-LIGHTS SCENTED ,21
SET/6 POSIES PAPER PLATES,21
SMALL CHUNKY GLASS ROMAN  BOWL,21
PINK/PURPLE RETRO RADIO,21
FLORAL SOFT CAR TOY,21
PINK ROUND BUTTERFLY MIRROR ,21
SMALL ORIENTAL RED FOLDING STOOL,21
ASSORTED COLOUR JUMBO PEN,21
DECORATIVE NET CANOPY LEOPARD,21
OPIUM SCENTED VOTIVE CANDLE,21
BUTTONS AND STRIPES NOTEBOOK ,21
GLOW IN DARK DOLPHINS,21
NEW BAROQUE BLACK PHOTO ALBUM,21
THE KING GIFT BAG,21
"FLOWER FAIRY,5 SUMMER B'DRAW LINERS",21
STANDING FAIRY POLE SUPPORT ,21
GREEN VINTAGE EARRINGS ,21
PINK PILLAR CANDLE SILVER FLOCK,21
SET OF 3 VINTAGE TEA TIME BOXES,21
ESSENTIAL BALM 3.5g TIN IN ENVELOPE,21
RETRO BROWN BALL ASHTRAY ,21
ANTIQUE GLASS RIDGED HANGING BALL,21
SILVER HOOP EARRINGS WITH FLOWER,21
VINTAGE BLUE TINSEL REEL,21
CHRISTMAS TREE PAINTED ZINC ,21
CHOCOLATE 1 WICK MORRIS BOX CANDLE,21
SPOTS MUG,20
POP ART PEN CASE & PENS,20
POTTING SHED SEED TIN,20
"LETTER ""C"" BLING KEY RING",20
WHITE BAROQUE WALL CLOCK ,20
BLUE ROUND COMPACT MIRROR,20
"LETTER ""E"" BLING KEY RING",20
RUBY GLASS CLUSTER BRACELET,20
PENS ASSORTED FUNKY JEWELED ,20
PHOTO CLIP LINE,20
PACK/12 DECOUPAGE CARD,20
RED DRAGONFLY HELICOPTER,20
ANGEL DECORATION PAINTED ZINC ,20
SILVER RETRODISC LAMPSHADE,20
SILVER/CRYSTAL DROP EARRINGS W LEAF,20
"CANDLE IN JAR COLLAGE , VANILLA",20
BLACK CHUNKY BEAD BRACELET W STRAP,20
SMALL PINK MAGIC CHRISTMAS TREE,20
CANDY SPOT HAND BAG,20
CARDHOLDER GINGHAM STAR,20
CANDY SPOT BREAD BASKETS,20
TURQOISE ICE CREAM SUNHAT,20
CHRISTMAS RETROSPOT ANGEL WOOD,20
BATHROOM SET LOVE HEART DESIGN,20
GREEN ROSE CUSHION COVER,20
Adjustment by john on 26/01/2010 16,20
BATHROOM SCALES RUBBER DUCKS,20
AMBER GLASS TASSLE BAG CHARM,20
FOOD/DRINK SPUNGE STICKERS,20
MADRAS NOTEBOOK LARGE ,20
SET OF 3 RABBIT CARROTS EASTER,20
CLASSIC FRENCH STYLE BASKET BROWN,20
CHRISTMAS TREE STAR DECORATION,20
WHITE CERAMIC PARTY SET (5PCS),20
WHITE ANEMONE ARTIFICIAL FLOWER,20
S/3 RABBIT FLOWER/EGG/CARROT ROPE,20
ENGLISH ROSE SCENTED HANGING HEART,20
FOLKART BAUBLE CHRISTMAS DECORATION,20
RIDGED GLASS FINGER BOWL,20
DRAGONS BLOOD INCENSE,20
ROCKING HORSE RED CHRISTMAS ,20
PARTY PIZZA DISH BLUE RETROSPOT,20
PINK  HONEYCOMB PAPER FAN,20
FRENCH LAUNDRY SIGN BLUE METAL,20
PEACH KNITTED HEN ,20
3 WHITE CHOC MORRIS BOXED CANDLES,19
WRAP COWBOYS  ,19
LILAC FLOWER BLOCK TABLE LAMP,19
LION SOCK PUPPET,19
DAIRY MAID TOASTRACK,19
SET 3 JARDIN DE FEMME SCENT CANDLES,19
CONCH SHELL,19
6 RABBIT CHAIN EASTER,19
PINK CRYSTAL HEART PHONE CHARM,19
MIRROR MOSAIC T-LIGHT HOLDER ,19
KNITTED RAINBOW HOT WATER BOTTLE,19
DAIRY MAID CERAMIC TOASTRACK,19
ANT COPPER RED BOUDICCA BRACELET,19
SET OF 4 NAPKIN CHARMS STARS   ,19
REDWHITE STRIPE SCANDINAVIAN HEART ,19
BOTANICAL LILY GIFT WRAP,19
ENAMEL BLUE RIM OVAL TRAY SET/2,19
CINAMMON & ORANGE WREATH,19
MIRROR MOSAIC CANDLE PLATE,19
PINK MINI TAPE MEASURE ,19
GREEN FLORAL FELTCRAFT SHOULDER BAG,19
SILVER DISCO HANDBAG,19
NINJA RABBIT BLACK,19
NAMASTE SWAGAT INCENSE,19
FIRST CLASS HOLIDAY PURSE ,19
ASS FLORAL PRINT MULTI SCREWDRIVER,19
GREEN ENAMEL FLOWER RING,19
PINK KNITTED KIDS RUCKSACK,19
GREEN GLASS TASSLE BAG CHARM,19
ASS FLORAL PRINT SPIRIT LEVEL ,19
SET/4 SPRING FLOWER DECORATION,19
BLACK SQUARE TABLE CLOCK,19
POLYESTER FILLER PAD 30CMx30CM,19
BEECH WOOD PHOTO FRAME ,19
GREEN SQUARE COMPACT MIRROR,19
FLOWER BLUE CLOCK W/SUCKER,19
5 STRAND GLASS NECKLACE AMETHYST,19
WOOD STOCKING CHRISTMAS SCANDISPOT,19
FLOWER BURST SILVER RING MIDN'T BLU,19
FRENCH STYLE EMBOSSED HEART CABINET,19
FUNKY MONKEY CUSHION COVER,19
FRUIT TREE AND BIRDS WALL PLAQUE,19
3D SHEET OF SEA WORLD STICKERS,19
PARTY PIZZA DISH PINK WHITE SPOT ,19
MRS ROBOT SOFT TOY,18
CANDY STRIPE ROSE C/COVER ,18
JADE DROP EARRINGS W FILIGREE,18
PINK FELT HANGING HEART W FLOWER,18
LARGE RED BABUSHKA NOTEBOOK ,18
AMETHYST HOOP EARRING FLORAL LEAF,18
GOLDIE LOOKING MIRROR,18
PAINTED LIGHTBULB STAR+ MOON,18
MINI PAINT SET VINTAGE  BOY+ GIRL,18
SET OF 6 DOTS CHOPSTICKS,18
LARGE YELLOW BABUSHKA NOTEBOOK ,18
GLASS CHALICE BLUE  LARGE ,18
WHITE  ROSEBUD PEARL BRACELET,18
MADRAS NOTEBOOK MEDIUM,18
S/6 PINK EASTER DECS IN BOX,18
PAIR OF ENAMEL BUTTERFLY HAIRCLIP,18
BLUE NEW BAROQUE CANDLESTICK CANDLE,18
ROUND PURPLE CLOCK W/SUCKER,18
FRENCH KITCHEN SIGN BLUE METAL,18
 PAINT YOUR OWN CANVAS SET,18
CAROUSEL CHILDRENS OVERALL,18
CRYSTAL DIAMANTE STAR BROOCH,18
BLACK PILLAR CANDLE SILVER FLOCK,18
ARCHED GREY MIRROR,18
PINK SMALL JEWELLED PHOTOFRAME,18
IVORY STRING CURTAIN WITH POLE ,18
PINK NEW BAROQUECANDLESTICK CANDLE,18
BLACK STITCHED WALL CLOCK,18
MIRRORED WALL ART POPPIES,18
SILVER BLACK ORBIT BRACELET,18
VINTAGE BEAD PINK JEWEL BOX,18
PINK RIVIERA HANDBAG,18
NOEL GARLAND PAINTED ZINC ,18
CUT GLASS HEXAGON T-LIGHT HOLDER,18
TOY TIDY DOLLY GIRL DESIGN,18
HOUSE SHAPE PENCIL SHARPENER,18
FLORAL DINOSAUR GREEN,18
FLOWER BROOCH 4 ASSORTED COLOURS,18
FRENCH FLORAL CUSHION COVER ,18
RIDGED GLASS T-LIGHT HOLDER,18
ROMANTIC IMAGES GIFT WRAP SET,18
GENTLEMAN SHIRT REPAIR KIT ,18
WOBBLING METAL CHICKEN EASTER,18
DANISH ROSE DELUXE COASTER,18
PINK TV TRAY TABLE ,18
DOORSTOP RACING CAR DESIGN,18
SILVER FABRIC MIRROR,18
SILVER CHRISTMAS TREE BAUBLE STAND ,18
CERAMIC LOVE HEART MONEY BANK,18
ORANGE COCKTAIL GLASS LAMP,18
BLACK BIRD GARDEN DESIGN MUG,18
SILVER STANDING GNOME   ,18
TRANSPARENT ACRYLIC TAPE DISPENSER,18
ENGLISH ROSE SMALL SCENTED FLOWER,17
RED ENAMEL FLOWER RING,17
BLCK NEW BAROQUE CANDLESTICK CANDLE,17
SILVER BRACELET W PASTEL FLOWER,17
TIGRIS EYE CHUNKY CHARM BRACELET,17
MULTICOLOUR CRUSOE CHECK LAMPSHADE,17
"BATHROOM SCALES, TROPICAL BEACH",17
BEADED CRYSTAL HEART GREEN SMALL,17
CHRISTMAS TREE T-LIGHT HOLDER,17
TURQ+RED BOUDICCA LARGE BRACELET,17
SET/4 COLOURFUL MIXING BOWLS,17
GLITTER CHRISTMAS TREE WITH BELLS,17
ANTIQUE GLASS PLACE SETTING,17
BLUE  TILE HOOK,17
DIAMANTE HAIR GRIP PACK/2 PERIDOT,17
GLITTER CHRISTMAS TREE,17
EAU DE NIL LOVE BIRD CANDLE,17
PINK FLOWER HANGING HEART ,17
PIECE OF CAMO STATIONERY SET,17
BLUE MURANO TWIST NECKLACE,17
LIGHT PINK FLOCK GLASS CANDLEHOLDER,17
LAVENDER SCENT CAKE CANDLE,17
SCOTTIE DOGS BABY BIB,17
BLUE TILED TRAY,17
WRAP DOLLY GIRL,17
WAKE UP COCKEREL WALL THERMOMETER,17
AMBER GLASS/SILVER BRACELET,17
BLUE PILLAR CANDLE SILVER FLOCK,17
 SILVER T-LIGHT SETTING,17
YELLOW BREAKFAST CUP AND SAUCER,17
ZINC HEART LATTICE TRAY OVAL ,17
HEN HOUSE W CHICK STANDING,17
PINK & WHITE BREAKFAST TRAY,17
PARTY PIZZA DISH BLUE WHITE SPOT ,17
FLOWER BURST SILVER RING CRYSTAL,17
NEW BAROQUE JEWELLERY BOX ,17
PINK/BLUE DISC/MIRROR STRING,17
RIVIERA NECKLACE,17
ROSE DU SUD CUSHION COVER,17
PARTY PIZZA DISH PINK RETROSPOT,17
"GREETING CARD, THE BLACK CAT",17
ORANGE TV TRAY TABLE ,17
SMALL PINK PEONY FOLDING STOOL,17
FLOWER FAIRY INCENSE LAVENDER,17
HEART WOODEN CHRISTMAS DECORATION,17
BLACK CHAMPAGNE GLASS,17
SPRIG LAVENDER ARTIFICIAL FLOWER,17
BEST DAD CANDLE LETTERS,17
GREEN CHRISTMAS TREE STRING 20LIGHT,17
TEATIME PUSH DOWN RUBBER,17
FLOWER FAIRY SET 3 CANDLES LAVENDER,17
BLACK DIAMANTE EXPANDABLE RING,16
BLACK GEMSTONE BRACELET,16
BLACK GLASS BRACELET W HEART CHARMS,16
PURPLE PILLAR CANDLE BLACK FLOCK,16
GREEN EASTER EGG HUNT START POST,16
RAINBOW PEGS PHOTO CLIP STRING,16
AMETHYST CHUNKY BEAD BRACELET W STR,16
JET BLACK LAS VEGAS BRACELET ROUND,16
JARDIN ETCHED GLASS CANDLEHLDR LONG,16
ASSTD FRUIT+FLOWERS FRIDGE MAGNETS,16
SILVER M.O.P ORBIT BRACELET,16
Adjustment by john on 26/01/2010 17,16
BLUE TRAVEL FIRST AID KIT,16
GREEN 3 TIER GLASS PLATE STAND,16
DOORMAT MERRY CHRISTMAS RED ,16
BLUE EASTER EGG HUNT START POST,16
ENGLISH ROSE SPIRIT LEVEL ,16
CLASSICAL ROSE URN,16
GOLD FISHING GNOME,16
BLUE KNITTED HEN ,16
ROUND GEORGIAN SILVER MIRROR,16
"LETTER ""L"" BLING KEY RING",16
YELLOW VW BEETLE CERAMIC MONEY BOX,16
FRENCH CHATEAU LARGE FRUIT BOWL ,16
WAKE UP COCKEREL CALENDAR SIGN ,16
WHITE CHRISTMAS GARLAND STARS TREES,16
FROSTED WHITE BASE ,16
CARDHOLDER HOLLY WREATH METAL,16
RED SPOTTY BEAKER ,16
AMETHYST DIAMANTE EXPANDABLE RING,16
ASSORTED CIRCULAR MOBILE,16
SET/3 CHRISTMAS DECOUPAGE CANDLES,16
SET/4 MODERN VINTAGE COTTON NAPKINS,16
LARGE TORTILLA DESIGN RED BOWL,16
SET OF 3 RABBIT EGG EASTER,16
KINGS CHOICE SMALL TUBE MATCHES,16
BROWN ANTIQUE CUBE CANDLE,16
MOROCCAN BEATEN METAL DISH LARGE,16
FOLK ART METAL STAR T-LIGHT HOLDER,16
LARGE TRIFLE DESIGN L BLUE BOWL,16
STAR WOODEN CHRISTMAS DECORATION,16
SMALL HANGING GLASS+ZINC LANTERN,16
SMALL SQUARE CUT GLASS CANDLESTICK,16
PORCELAIN CHERUB BELL SMALL,16
"POCKET MIRROR ""GLAMOROUS""",16
15 PINK FLUFFY CHICKS IN BOX,16
WOODEN TREE CHRISTMAS SCANDINAVIAN,16
TURQUOISE CRYSTAL+GLASS BRACELET,15
MINI JIGSAW LEAP FROG,15
JET BLACK LAS VEGAS NECKLACE 45CM,15
RED GLASS TASSLE BAG CHARM,15
SET/4 DAISY MIRROR MAGNETS,15
DIAMANTE HAIR GRIP PACK/2 CRYSTAL,15
GOLD FABRIC MIRROR,15
BLUE CIRCLES DESIGN TEDDY,15
SET OF 4 NAPKIN CHARMS LEAVES   ,15
ENGLISH ROSE TEA SET IN GIFT BOX,15
ANT WHITE IRON BASKET,15
PINK DOG BOWL,15
Dotcomgiftshop Gift Voucher £20.00,15
MAKE YOUR OWN FLOWERPOWER CARD KIT,15
WHITE BAROQUE CARRIAGE CLOCK,15
S/3 PUPPIES CHRISTMAS DECORATIONS,15
LILY BROOCH OLIVE COLOUR,15
"LETTER ""H"" BLING KEY RING",15
YELLOW + BROWN BEAR FELT PURSE KIT,15
CRYSTAL HOOP EARRING FLORAL LEAF,15
CRYSTAL PAIR HEART HAIR SLIDES,15
BLUE GINGHAM ROSE FLOOR CUSHION ,15
WHITE HAND TOWEL WITH BUTTERFLY,15
LEOPARD PRINT HOT WATER BOTTLE,15
DAISY ERASERS IN BAG,15
PINK CRYSTAL SKULL PHONE CHARM,15
PINK CHERRY BLOSSOM CUP & SAUCER,15
PINK BOUDOIR T-LIGHT HOLDER,15
"FOLK ART GREETING CARD,pack/12",15
YULETIDE IMAGES S/6 PAPER BOXES,15
RECTANGULAR SHAPED MIRROR,15
BLOKEY SILVER TOOL SET,15
MIRROR MOSAIC HURRICANE LAMP ,15
SWALLOW WOODEN CHRISTMAS DECORATION,15
CLAM SHELL LARGE,15
PINK HEARTS LIGHT CHAIN ,15
JARDIN ETCHED GLASS BUTTER DISH,15
BLACK LOVE BIRD CANDLE,15
FELT FARM ANIMAL SHEEP,15
SET/6 BLACK ROSE T-LIGHT CANDLES,15
"F.FAIRY S/3 CANDLE/GLASS, ROSE",15
BLACK SILOUETTE CANDLE PLATE,15
NECKLACE+BRACELET SET BLUE BLOSSOM,15
SWISS CHALET TREE DECORATION ,15
ASSORTED TUTTI FRUTTI KEYRING,15
PINK GLASS CHUNKY CHARM BRACELET,15
ASSORTED COLOUR LIZARD SUCTION HOOK,15
PURPLE ANEMONE ARTIFICIAL FLOWER,15
SILVER DROP EARRINGS WITH FLOWER,15
JADE CRYSTAL+GLASS BRACELET,15
DANISH ROSE TRINKET TRAYS,15
FLOWER FAIRY INCENSE ROSE,15
SPACE CADET BLACK,15
NEW BAROQUE IVORY CUSHION COVER ,15
BLACK AND WHITE CAT BOWL,15
HEAVENS SCENT FRAGRANCE OILS ASSTD,15
BLACK ENCHANTED FOREST PLACEMAT,15
BLACK AND WHITE DOG BOWL,15
PASTEL BLUE PHOTO ALBUM ,15
PARTY PIZZA DISH GREEN RETROSPOT,15
PARTY PIZZA DISH GREEN WHITE SPOT ,15
PASTEL PINK PHOTO ALBUM ,14
PINK FLUFFY CHRISTMAS DECORATION,14
4 PINK FLOCK CHRISTMAS BALLS,14
WRAP BLUE REINDEER,14
PADDED RED HEART DECORATION,14
 RIDGED GLASS T-LIGHT HOLDER,14
ASSTD DESIGN 3D PAPER STICKERS,14
CURIOUS IMAGES GIFT WRAP SET,14
"CHRISTMAS GARLAND STARS,TREES",14
POCKET MIRROR WOODLAND,14
FLOOR LAMP SHADE WOOD BASE,14
LARGE BLUE PROVENCAL CERAMIC BALL,14
EDWARDIAN 2 DRAWER WALL CABINET ,14
EAU DE NILE JEWELLED PHOTOFRAME,14
HEART BUTTONS JEWELLERY BOX,14
FIRE POLISHED GLASS BRACELET GREEN,14
SQUARE FLOOR CUSHION VINTAGE PINK ,14
COTE D'AZURE NECKLACE,14
MOROCCAN BEATEN METAL DISH,14
ROSE PINK METAL FOLDING CHAIR,14
BLUE WHITE SCARF HOT WATER BOTTLE,14
50CM METAL STRING WITH  7 CLIPS,14
HANGING HEART BASKET,14
FRENCH TOILET SIGN BLUE METAL,14
5 STRAND GLASS NECKLACE CRYSTAL,14
FRENCH CHATEAU SMALL FRUITBOWL,14
FRENCH GARDEN SIGN BLUE METAL,14
DOTTY PLACEMATS ,14
"FRENCH BLUE METAL DOOR SIGN, 2",14
NEW BAROQUE B'FLY NECKLACE RED,14
WHITE GRAND BAROQUE PHOTO FRAME,14
CHERRY BLOSSOM PHOTO FRAME ,14
LUNCHBAG PINK RETROSPOT,14
"LETTER ""N"" BLING KEY RING",14
BLUE STONES ON WIRE FOR CANDLE,14
ROSES WHITE ROUND CANDLE,14
S/3 FLWR FAIRY LILLY CANDLES,14
S/3 FLWR FAIRY LAVENDER CANDLES,14
GREEN ROUND COMPACT MIRROR,14
FLOWER FAIRY OIL BURNER SET ROSE,14
CARNATION SQUARE HANDY TIN,14
MOSAIC GLASS BALL CANDLEHOLDER,14
BLUE & WHITE BREAKFAST TRAY,14
DIAMANTE RING ASSORTED IN BOX.,14
BLOSSOM IMAGES GIFT WRAP SET,14
RED BOUDICCA LARGE BRACELET,14
ORIGAMI ROSE INCENSE IN TUBE,14
MIRRORED WALL ART STARS,14
S/2 BEACH HUT STOOLS,14
PSYCHEDELIC WALL THERMOMETER,14
CRYSTAL DIAMANTE EXPANDABLE RING,14
CANDY SPOT CUSHION COVER,14
SET/6 GREEN SPRING PAPER CUPS,14
SET/6 POSIES PAPER CUPS,14
MULTICOLOUR GLASS PLATE,14
Bank Charges,14
GOLD STANDING GNOME,14
VINTAGE ENAMEL & CRYSTAL EARRINGS,14
VINTAGE NOTEBOOK PINK FLOWER,14
PINK CRYSTAL+GLASS BRACELET,14
PINK GINGHAM ROSE FLOOR CUSHION,14
RED SPOTTY PASSPORT COVER,14
QUEEN OF THE SKIES HOLIDAY PURSE ,14
PINK ROSEBUD & PEARL NECKLACE,14
SILVER JEWELLED MIRROR TRINKET TRAY,14
GLASS SPHERE CANDLE STAND LARGE ,14
ENGLISH ROSE TORCH,14
CABIN BAG VINTAGE PAISLEY,14
PINK CHICK EGG WARMER + EGG CUP,14
SILVER/AMETHYST DROP EARRINGS LEAF,13
JARDIN DE FEMME SCENTED CANDLE,13
SET/6 BLACK BIRD T-LIGHT CANDLES,13
CAROUSEL PONIES BABY BIB,13
CLEAR STATIONERY BOX SET ,13
Dotcomgiftshop Gift Voucher £30.00,13
"LETTER ""R"" BLING KEY RING",13
FRENCH CHATEAU OVAL PLATTER,13
PLASMATRONIC LAMP,13
ROCKING HORSE GREEN CHRISTMAS ,13
WISE MAN STAR SHAPE EGG PAN,13
"LETTER ""G"" BLING KEY RING",13
TABLE LAMP WHITE SHADE WOOD BASE,13
BLACK RETRODISC LAMPSHADE,13
WRAP WEDDING DAY,13
FLOWER FAIRY OIL BURNER SET SUMMER,13
VINTAGE BEAD COSMETIC BAG ,13
BLACK VINT ART DEC CRYSTAL BRACELET,13
LA PALMIERA WALL THERMOMETER,13
"FRENCH BLUE METAL DOOR SIGN, 5",13
MULTICOLOUR  CONFETTI IN TUBE,13
FLYING SAUCER TABLE LIGHT IN WHITE,13
METAL WALL SHELF UNIT WITH HOOKS,13
PINK DOLLY HAIR CLIPS,13
ORANGE VOTIVE CANDLE,13
BEADED CRYSTAL HEART GREEN LARGE,13
FLOWER FAIRY INCENSE LILY,13
ORIGAMI VANILLA INCENSE/CANDLE SET ,13
BEADED CRYSTAL HEART BLUE  LARGE,13
ASSTD DESIGN POP ART SLIM PEN,13
SILVER ROCCOCO CHANDELIER,13
SPACE CADET WHITE,13
ORIGAMI JASMINE INCENSE/CANDLE SET,13
WRAP MONSTER FUN ,13
PAPERWEIGHT VINTAGE PAISLEY,13
YELLOW FELT HANGING HEART W FLOWER,13
WHITE ROSEBUD  PEARL EARRINGS,13
GERANIUM FOLKART HEART DECORATION,13
WHITE ROSE C/COVER,13
WRAP CHRISTMAS SCREEN PRINT,13
COPPER/OLIVE GREEN FLOWER NECKLACE,13
DARK PINK FLOCK GLASS CANDLEHOLDER,13
PORCELAIN BUDAH INCENSE HOLDER,13
"GREETING CARD, BLACKPOOL ROCK",13
BLUE GEISHA GIRL ,13
LILY BROOCH AMETHYST COLOUR,13
"LETTER ""B"" BLING KEY RING",13
POLYESTER FILLER PAD 45x30cm,13
MEDIUM PINK BUDDHA HEAD ,13
 WHITE BAMBOO RIBS LAMPSHADE,13
WHITE/BLUE RECT CERAMIC OIL BURNER,13
HOLLY TOP CHRISTMAS STOCKING,13
"WRAP, CAROUSEL",13
SILVER BLUE EGG T-LIGHT HOLDER,13
SILVER FINCH DECORATION,13
PINK OVAL SHAPE TRINKET BOX,13
SILVER M.O.P ORBIT DROP EARRINGS,13
BLUE BREAKFAST CUP AND SAUCER ,13
PINK BOUDICCA LARGE BRACELET,13
MARAKESH LANTERN SMALL ,13
PURPLE ACRYLIC FACETED BANGLE,13
VINTAGE WOODEN BAR STOOL,13
PINK CAT BOWL,13
AMBER CHUNKY GLASS+BEAD NECKLACE,13
PINK ALLIUM  ARTIFICIAL FLOWER,13
CINNAMON SCENTED VOTIVE CANDLE,13
MIDNIGHT BLUE GLASS/SILVER BRACELET,13
CROCHET ROSE PURSE WITH SUEDE BACK,13
CANDY SPOT EGG WARMER RABBIT,13
PINK DRESS JEWELLERY STAND ,13
CHRISTMAS CRAFT TREE TOP ANGEL,12
CHRISTMAS MUSICAL ZINC HEART ,12
STRING OF STARS CARD HOLDER,12
BLACK CHRISTMAS TREE 60CM,12
BAG 500g SWIRLY MARBLES,12
HEN HOUSE W CHICK IN NEST,12
CRYSTAL STILETTO PHONE CHARM,12
MARAKESH LANTERN LARGE,12
VINTAGE RED KITCHEN CABINET,12
DANISH ROSE DECORATIVE PLATE,12
BEIGE PHOTO ALBUM,12
CLEAR ACRYLIC FACETED BANGLE,12
S/6 SILVER ORNAMENETAL CANDLE,12
ZINC HEART LATTICE 2 WALL PLANTER,12
WHITE METAL BAROQUE PHOTO FRAME,12
WICKER WREATH SMALL,12
WICKER WREATH LARGE,12
 ANIMAL STICKERS,12
SPHERICAL IVORY CANDLE ,12
BIRD BOX CHRISTMAS TREE DECORATION,12
GREEN WIRE STANDING CANDLE HOLDER,12
EAU DE NILE JEWELLED T-LIGHT HOLDER,12
BLUE GLASS CHUNKY CHARM BRACELET,12
SET OF 3 BABUSHKA STACKING TINS,12
"FRENCH BLUE METAL DOOR SIGN, 1",12
LARGE STRAWBERRY CHOCOLATE CANDLE,12
FIRE POLISHED GLASS NECKL GREEN,12
This is a test product.,12
JAZZ HEARTS SPIRAL NOTEPAD,12
LA PALMIERA METAL SIGN CALENDAR,12
GOLD M.O.P ORBIT DROP EARRINGS,12
VINTAGE BLUE KITCHEN CABINET,12
VINTAGE NOTEBOOK RED ROSE,12
ANTIQUE EDWARDIAN DRESSER,12
PINK DISCO HANDBAG,12
SET OF 4 NAPKIN CHARMS 3 KEYS ,12
SET OF 4 GREEN CAROUSEL COASTERS,12
CAROUSEL CHILDRENS APRON,12
FLOWER GARLAND NECKLACE RED,12
BLUE DELPHINIUM ARTIFICIAL FLOWER,12
"FLOWER GLASS GARLD NECKL36""AMETHYST",12
ASS COLOUR GLOWING TIARAS,12
JARDIN ETCHED GLASS LARGE BELL JAR,12
WRAP BLIZZARD,12
"FRENCH BLUE METAL DOOR SIGN, 6",12
GREEN ROSE QUILT ,12
MIRRORED WALL ART SKULLS,12
MIRRORED WALL ART TABLE LAMP,12
GREEN POP ART MAO CUSHION COVER ,12
ORIGAMI VANILLA INCENSE+FLOWER ,12
DIAMANTE BOW BROOCH RED COLOUR,12
MIRROR MOSAIC GOBLET CANDLE HOLDER,12
FRENCH WC SIGN BLUE METAL,12
WAKE UP COCKEREL TILE COASTER,12
S/3 FRENCH VANILLA SQU CANDLE,12
CHERRY BLOSSOM TABLE CLOCK ,12
BLUE WIRE SPIRAL CANDLE HOLDER,12
ROMANTIC IMAGES NOTEBOOK SET,12
ROSE COLOUR PAIR HEART HAIR SLIDES,12
DOTS IRONING BOARD COVER,11
FLOWER BURST SILVER RING GREEN,11
"LETTER ""P"" BLING KEY RING",11
WHITE CHRYSANTHEMUMS ART FLOWER,11
WHITE GOOSE FEATHER CHRISTMAS TREE ,11
6 SEGMENT COLOURED SNACK BOWL ,11
FLAT GLASS  BAUBLE WHITE FLOCK ,11
FLAG OF ST GEORGE CHAIR,11
PLASTERS IN TIN MR STRONG ,11
"FRENCH BLUE METAL DOOR SIGN, 9",11
ROUND BLUE CLOCK W/SUCKER,11
RUBY DROP CHANDELIER EARRINGS,11
MAGAZINE RACK GEBRA ASSORTED ,11
FAIRY CAKES GIFT BAG,11
BLACK+WHITE NECKLACE W TASSEL,11
DOOR MAT SWEET HOME,11
VANILLA SCENT CAKE CANDLE ,11
PURPLE VINTAGE EARRINGS,11
BLACK SILOUETTE CANDLE PLATE ,11
F.FAIRY S/3 CANDLE/GLASS,11
DIAMANTE HAIR GRIP PACK/2 RUBY,11
ENGLISH ROSE SCENTED HANGING FLOWER,11
MIRRORED WALL ART GENTS,11
TREE OF NOAH FESTIVE SCENTED CANDLE,11
TURQ STONE/CRYSTAL EARRINGS,11
DAISY HAIR COMB,11
BUTTERFLY HAIR BAND,11
LARGE FIBRE OPTIC CHRISTMAS TREE,11
PADDED HOLLY CHRISTMAS DECORATION ,11
S/60 PINK FLUFFY CHICKS IN BOX,11
BLUE FLOWER T-LIGHT HOLDER,11
BLUE FELT HANGING HEART W FLOWER,11
BLUE HANGING GINGHAM EASTER HEN,11
LARGE WHITE/PINK ROSE ART FLOWER,11
FUNKY MONKEY GIFT BAG SMALL,11
YELLOW RED FLOWER PIGGY BANK,11
WHITE VINTAGE CRYSTAL BRACELET,11
SILVER CHERRY LIGHTS,11
GOLD COSMETIC BAG PINK STAR,11
PINK FEATHER CHRISTMAS DECORATION,11
DOLPHIN WINDMILL,11
PINK LARGE JEWELED PHOTOFRAME,11
ASS FLORAL PRINT TORCH,11
ASSORTED MONKEY SUCTION CUP HOOK,11
"FRENCH BLUE METAL DOOR SIGN, 4",11
BLUE CHENILLE SHAGGY CUSHION COVER ,11
"FRENCH BLUE METAL DOOR SIGN, 3",11
SET OF 36 DOILIES SPACEBOY DESIGN ,11
PSYCHEDELIC TILE HOOK,11
MEDIUM WHITE/PINK ROSE ART FLOWER,11
PINK ROSEBUD PEARL EARRINGS,11
PURPLE FRANGIPANI NECKLACE,11
PURPLE BERTIE GLASS BEAD BAG CHARM,11
PINK ENAMEL FLOWER HAIR TIE,11
PINK AND WHITE CHRISTMAS TREE 180CM,11
PINK & WHITE ROSEBUD RING,11
PINK CROCHET CAT WITH SCARF,11
PINK PARTY SUNGLASSES,11
BEADED CRYSTAL HEART BLUE ON STICK,11
ORIENTAL RED C/COVER ,11
ST GEORGE SET OF 10 PARTY LIGHTS,11
BEADED CRYSTAL HEART PINK\ON STICK,11
BEAUTY SPEED EXPRESSO CUPS,11
FAN BLACK FRAME ,11
TALL ROCOCO CANDLE HOLDER,11
SKY BLUE COLOUR GLASS GEMS IN BAG,11
SMALL BLUE PROVENCAL CERAMIC BALL,11
SILVER/BLACK ORBIT NECKLACE,11
VINTAGE WOODEN PLATE RACK,11
"GARLAND , WOODEN  "" HAPPY EASTER""",11
PADS TO MATCH ALL CUSHIONS,11
CRYSTAL KEY+LOCK PHONE CHARM,11
SMALL ZINC/GLASS CANDLEHOLDER,11
AMBER CHUNKY BEAD BRACELET W STRAP,11
DROP DIAMANTE EARRINGS BLACK DIAMON,10
BLUE STAR BLOCK TABLE LAMP,10
WAKE UP COCKEREL TILE HOOK,10
WRAP SWEETS LIGHT PINK SMALL BOWL,10
2 DAISIES HAIR COMB,10
FRENCH STYLE WALL DRESSER,10
FLOWER BURST SILVER RING ROSE,10
LITTLE PINK MONSTER SOFT TOY,10
COLUMBIAN  CUBE CANDLE ,10
DROP EARRINGS W FLOWER & LEAF,10
DROP DIAMANTE EARRINGS CRYSTAL,10
NEW BAROQUE B'FLY NECKLACE PINK,10
SET/16 WHITE SHINY & MATT BAUBLES,10
MINI JIGSAW FIDO,10
MIRRORED WALL ART LADIES,10
FOLKART ZINC CLIP ON ANGEL WINGS,10
BLUE CAT BISCUIT BARREL PINK HEART,10
SET OF 4 PISTACHIO LOVEBIRD COASTER,10
IVORY SHELL HEART NECKLACE,10
PINK KNITTED EGG COSY,10
DIAMOND LAS VEGAS NECKLACE 45CM,10
ASS DES PHONE SPONGE CRAFT STICKER,10
FLOWERS TILE HOOK,10
ANTIQUE CREAM CUTLERY CUPBOARD,10
ANT SILVER TURQUOISE BOUDICCA RING,10
GOLD M PEARL  ORBIT NECKLACE,10
GOLD SCROLL GLASS T-LIGHT HOLDER,10
PURPLE FRANGIPANI HAIRCLIP,10
GOLD MUG BONE CHINA TREE OF LIFE,10
PSYCHEDELIC TILE COASTER,10
ORIGAMI LAVENDER INCENSE/CANDL SET ,10
DIAMANTE BOW BROOCH GREEN COLOUR,10
MIRRORED WALL ART FOXY,10
DIAMANTE HAIR GRIP PACK/2 LT ROSE,10
RED KUKUI COCONUT SEED NECKLACE,10
ENGLISH ROSE HOT WATER BOTTLE,10
ENGLISH ROSE MUG IN GIFT BOX,10
SET/4 GARDEN ROSE DINNER CANDLE,10
BLACK LOVE BIRD T-LIGHT HOLDER,10
PINK HANGING GINGHAM EASTER HEN,10
VINTAGE BEAD PINK PURSE ,10
ANT SILVER LIME GREEN BOUDICCA RING,10
SET/6 CHRISTMAS ICICLE T-LIGHTS,10
"TUMBLER, BAROQUE",10
TROPICAL HOLIDAY PURSE ,10
CHUNKY CRACKED GLAZE NECKLACE IVORY,10
FAIRY CAKES  WALL THERMOMETER,10
SMOKEY GREY COLOUR D.O.F. GLASS,10
SPOTTY COFFEE CUP & SAUCER,10
BEECH WOOD P/FRAME,10
SPACE FROG,10
CUBIC MUG BLUE POLKA DOT,10
CHRISTMAS CARD STACK OF PRESENTS,10
HAND TOWEL PINK FLOWER AND DAISY,10
"GREETING CARD, TWO SISTERS.",10
SUNJAR LED NIGHT NIGHT LIGHT,10
SILVER/MOP ORBIT NECKLACE,10
PINK COMBO MINI CRYSTALS NECKLACE,10
VINTAGE PINK TINSEL REEL ,10
BLACK BAROQUE CARRIAGE CLOCK,10
ASSORTED COLOUR METAL CAT ,10
HEARTS PENCIL/RUBBER+5 MINI PENCILS,10
BLUE KNITTED EGG COSY,10
S/6 PAPER BOXES ROMANTIC IMAGES,10
SCOTTS ROSES TILE COASTER,10
DOORMAT CHRISTMAS VILLAGE,10
NEW ENGLAND MUG W GIFT BOX,10
HAPPY ANNIVERSARY CANDLE LETTERS,10
NEW ENGLAND PLACEMATS,10
PACK/12 BLUE REINDEER CARD,10
CRYSTAL LARGE JEWELLED PHOTO FRAME,10
GERANIUM SQUARE HANDY TIN,10
CLEAR CRYSTAL STAR PHONE CHARM,10
CLEAR LOVE BIRD T-LIGHT HOLDER,10
CREAM DELPHINIUM ARTIFICIAL FLOWER,10
"PET MUG, GOLDFISH",10
"PEARL & SHELL 42""NECKL. GREEN",10
WHITE/PINK CHICK EASTER DECORATION,10
WOOD AND GLASS MEDICINE CABINET,10
FUSCHIA/GREEN STRIPE WOOLLY BLANKET,9
WHITE HYDRANGEA ART FLOWER,9
WRAP WINTER FOREST,9
VINTAGE SILVER TINSEL REEL,9
WHITE GLASS TV TRIPLE FRAME,9
WHITE CANDYSTUFT ARTIFICIAL FLOWER,9
FOLKART CHRISTMAS TREE T-LIGHT HOLD,9
FREESTYLE CANVAS ART PICTURE,9
LOVE POTION MASALA INCENSE,9
PACK/12 RUSSIAN DOLL CARDS,9
LONG SILVER NECKLACE PASTEL FLOWER,9
DROP DIAMANTE EARRINGS PURPLE,9
VINTAGE ROSE BEAD BRACELET BLUE,9
"LETTER ""I"" BLING KEY RING",9
S/3 FLWR FAIRY SUMMER CANDLES,9
"LETTER ""T"" BLING KEY RING",9
FOUR RABBIT EASTER DECORATIONS,9
GLASS WINE GLASS DECORATIONS,9
S/6 MULTICOLOUR ORNAMENETAL CANDLE,9
PINK MURANO TWIST NECKLACE,9
VINTAGE BEAD PINK EVENING BAG,9
PINK GINGHAM ROSE CUSHION COVER,9
VANILLA INCENSE 40 CONES IN TIN,9
PINK SQUARE TABLE CLOCK,9
ASSTD HEARTS DESIGN MUGS,9
ASSTD COL BUTTERFLY/CRYSTAL W/CHIME,9
CRYSTAL STUD EARRINGS ASSORTED COL ,9
ASSORTED COLOUR SUCTION CUP HOOK,9
LARGE ZINC/GLASS CANDLEHOLDER,9
MAKE YOUR OWN MONSOON CARD KIT,9
ASSORTED FRAGRANCE BATH CONFETTI,9
TRELLIS FLOWER CHOPSTICKS SET/5,9
GREEN ENAMEL FLOWER HAIR TIE,9
GREEN GEISHA GIRL ,9
BLUE RIVIERA HANDBAG,9
"LETTER ""O"" BLING KEY RING",9
PINK HEART OF GLASS BRACELET,9
PINK HYDRANGEA ART FLOWER,9
AMETHYST GLASS/SHELL/PEARL NECKLACE,9
PINK ROSEBUD PEARL BRACELET,9
LAVENDER INCENSE 40 CONES IN TIN,9
"LETTER ""D"" BLING KEY RING",9
BLUE METAL WALL SHELF,9
BLUE GLASS GEMS IN BAG,9
IVORY ROSE LAMPSHADE ,9
BLUE CRYSTAL BOOT PHONE CHARM,9
BLACK ORANGE SQUEEZER,9
NEW BAROQUE B'FLY NECKLACE MONTANA,9
BLACK PHOTO ALBUM ,9
"F.FAIRY S/3 CANDLE/GLASS,LAVENDER",9
EUCALYPTUS & PINECONE  WREATH,9
SET/4 SCENTED CANDLES IN RAMEKINS,9
MIDNIGHT BLUE PAIR HEART HAIR SLIDE,9
RED PUDDING SPOON,9
RIDGED GLASS PENDANT LAMPSHADE,9
WRAP BOUDOIR ,9
"FRENCH BLUE METAL DOOR SIGN, 8",9
SILVER GLITTER FLOWER VOTIVE HOLDER,9
FAIRY CAKES TABLE CLOCK,9
MULTICOLOUR EASTER RABBIT ,9
SMALL WHITE/PINK ROSE ART FLOWER,9
SILVER WASHBAG,9
SILVER SLEIGHBELL  WREATH,9
POP ART PUSH DOWN RUBBER ,9
SILK PURSE BABUSHKA RED,9
RESIN NECKLACE W PASTEL BEADS,9
BEADED CRYSTAL HEART GREEN ON STICK,9
PINK VINTAGE VICTORIAN EARRINGS,9
GREEN/BLUE CERAMIC CANDLE HOLDER,9
FLOWER BURST SILVER RING OPAL,9
"PINK ROSES/GINGHAM PATCH RABBIT 8""",9
SET OF 4 NAPKIN CHARMS INSTRUMENT,9
WHITE/PINK MINI CRYSTALS NECKLACE,9
WINE BOTTLE DRESSING DARK BLUE,9
BLOSSOM  IMAGES NOTEBOOK SET,9
GOLD/M.O.P PENDANT ORBIT NECKLACE,8
PINK STRING CURTAIN WITH POLE,8
"FLOWER GLASS GARLAND NECKL.36""BLUE",8
CHRISTMAS DECOUPAGE CANDLE,8
S/6 SEW ON CROCHET FLOWERS,8
TINY CRYSTALS BRACELET BLACK,8
TINY CRYSTAL BRACELET RED,8
TEATIME PENCIL WITH RUBBER,8
FLOWER FAIRY SET OF 3 LILY CANDLES,8
PINK CRYSTAL GUITAR PHONE CHARM,8
WELCOME METAL SIGN,8
DROP DIAMANTE EARRINGS GREEN,8
FRESHWATER PEARL BRACELET IVORY,8
"GLASS JAR, KINGS CHOICE SOAP",8
PINK BUTTERFLY WASHBAG,8
PINK CANDYSTUFT ARTIFICIAL FLOWER,8
BOX OF 6 PEBBLE CANDLES,8
"FRENCH BLUE METAL DOOR SIGN, 0",8
YULETIDE IMAGES GIFT WRAP SET,8
3 PINK HEN+CHICKS IN BASKET,8
CREAM AND PINK FLOWERS PONY ,8
COGNAC AUX OEUFS METAL 1 HOOK,8
"HANGING FLOWERS+MIRROR,CLEAR",8
"FLOWER GLASS GARLAND NECKL.36""BLACK",8
PINK FLOCK GLASS CANDLEHOLDER,8
ORIGAMI ROSE INCENSE CONES,8
TURQUOISE HEART OF GLASS BRACELET,8
ORIGAMI SANDLEWOOD INCENSE+FLOWER,8
ACRYLIC GEOMETRIC LAMP,8
 STAR  T-LIGHT HOLDER ,8
FUNKY GIRL ADDRESS BOOK,8
MAGIC DRAWING SLATE FIDO,8
YELLOW/PINK FLOWER DESIGN BIG MUG,8
"FRENCH BLUE METAL DOOR SIGN, 7",8
ZINC HEART LATTICE CHARGER LARGE,8
FRENCH PAISLEY CUSHION COVER ,8
5 STRAND GLASS NECKLACE BLACK,8
FRENCH CHATEAU LARGE PLATTER ,8
PASTEL PINK PHOTO ALBUM,8
PASTA ENAMEL/BRASS CONTAINER,8
WINE BOTTLE DRESSING LT.BLUE,8
LA STREGA CANVAS PICTURE ,8
BROWN COZY SQUARE PHOTO ALBUM,8
EMBROIDERED REINDEER DECORATION,8
CAMOUFLAGE DESIGN TEDDY,8
DIAMANTE HAIR GRIP PACK/2 MONTANA,8
BLUE BUTTERFLY ON SPRING,8
BLUE CUSHION COVER WITH FLOWER,8
IVORY SHELL HEART EARRINGS,8
BLOND DOLL DOORSTOP,8
MINI JIGSAW BUNNIES AT HOME,8
PURPLE/BLUE CERAMIC CANDLE HOLDER,8
NECKLACE+BRACELET SET PINK DAISY,8
BLACK GEMSTONE NECKLACE 45CM,8
PURPLE BOUDICCA LARGE BRACELET,8
SILVER/BLACK PENDANT ORBIT NECKLACE,8
SILVER OVAL JEWELLED MIRROR,8
MEDINA STAMPED METAL STOOL,8
PINK/FLOWER RABBIT EGG WARMER ,8
GREEN STONE/CRYSTAL EARRINGS,8
ORANGE FLOWER MUG ,8
"LETTER ""F"" BLING KEY RING",8
SANDALWOOD INCENSE IN TIN,8
SET 20 NAPKINS FAIRY CAKES DESIGN ,8
SET 5 MINI GATEAUX  FRIDGE MAGNETS,8
SILVER BLACK ORBIT DROP EARRINGS,8
ROUND WHITE CONFETTI IN TUBE,8
GLASS AND PAINTED BEADS BRACELET TO,8
LARGE ZINC GLASS CANDLEHOLDER,8
DARK BIRD HOUSE TREE DECORATION,8
BURG FLOCK GOLD CUP/CANDLE ,8
"FELTCRAFT HAIRBAND S/2, PINK/PURPLE",8
PURPLE CHUNKY GLASS+BEAD NECKLACE,8
YELLOW/PINK CERAMIC CANDLE HOLDER,8
4 GOLD FLOCK CHRISTMAS BALLS,8
WHITE/PINK CHICK DECORATION,8
DOOR MAT KISS MY.......,8
F FAIRY POTPOURRI CUSHIONS LAVENDER,8
"F.FAIRY S/3 CANDLE/GLASS,LILY/VALLY",8
MIDNIGHT BLUE COPPER FLOWER NECKLAC,8
SILVER MUG BONE CHINA TREE OF LIFE,8
SILVER LARIAT BLACK STONE EARRINGS,8
PRICE'S CANDLE PEACH,8
HEN HOUSE W FAMILY IN BARN & NEST,8
ORIENTAL BLUE C/COVER ,8
WHITE STONE/CRYSTAL EARRINGS,7
PINK FLOWERS RABBIT EASTER,7
GLASS BEAD HOOP EARRINGS AMETHYST,7
GOLD M.O.P ORBIT BRACELET,7
CRYSTAL FROG PHONE CHARM,7
WHITE HEART OF GLASS BRACELET,7
LITTLE GREEN MONSTER SOFT TOY,7
WHITE FRANGIPANI NECKLACE,7
AMBER DIAMANTE EXPANDABLE RING,7
PINK CLEAR GLASS CANDLE PLATE,7
GLASS BEAD HOOP EARRINGS MONTANA,7
OYSTER TRINKET BOX,7
"GREETING CARD,SQUARE, DOUGHNUTS",7
STRAWBERY SWIRL FLARE CANDLE,7
SUMMER BUTTERFLIES BAG CHARM,7
CUBIC MUG FLOCK BLUE ON BROWN,7
"FLOWER FAIRY MUG+COASTER,LAVENDER",7
"FLOWER GLASS GARLD NECKL36""TURQUOIS",7
OPULENT VELVET CANDLE IN BOX,7
ASSORTED SANTA CHRISTMAS DECORATION,7
ASSORTED SHAPES PHOTO CLIP SILVER ,7
TINY CRYSTAL BRACELET BLUE,7
BLUE SHELL+SILVER NECKLACE,7
S/6 PAPER BOXES BLOSSOM IMAGES ,7
TRANQUILITY MASALA INCENSE,7
PINK MINI STATIONERY SET W CASE,7
PINK MONTE CARLO HANDBAG,7
GREEN GOOSE FEATHER CHRISTMAS TREE ,7
ANT SILVER FUSCHIA BOUDICCA RING,7
GOLD/AMBER DROP EARRINGS W LEAF,7
GOLD COSMETICS BAG WITH BUTTERFLY,7
CROCHET WHITE RABBIT KEYRING ,7
PINK EASTER HENS+FLOWER,7
SET 5 MINI DOUGHNUT FRIDGE MAGNET ,7
EDWARDIAN DROP EARRINGS JET BLACK,7
SET 4 EASTER DECOUPAGE OVAL BOXES,7
PINK SQUARE COMPACT MIRROR,7
CHRISTMAS MUSICAL ZINC STAR,7
SPACE CADET RED,7
GREEN WITH METAL BAG CHARM,7
GREY ACRYLIC FACETED BANGLE,7
PINK YELLOW PATCH CUSHION COVER,7
RESIN BRACELET W PASTEL BEADS,7
LARGE ENGLISH ARBORETUM,7
RASPBERRY ANT COPPER FLOWER NECKLAC,7
CD WALL TIDY BLUE OFFICE,7
PURPLE AMETHYST NECKLACE W TASSEL,7
PURPLE FOXGLOVE ARTIIFCIAL FLOWER,7
NATURAL RIVIERA HANDBAG,7
HEN & 2 CHICKS IN BASKET,7
FILIGREE DIAMANTE EARRINGS,7
BLACK CRYSTAL DROP EARRINGS,7
FLAMES SUNGLASSES PINK LENSES,7
PORCELAIN HANGING BELL SMALL,7
POPART COL BALLPOINT PEN ASST,7
CHERRY BLOSSOM PURSE,7
DOORMAT PEACE ON EARTH BLUE,7
BLUE/YELLOW CERAMIC CANDLE HOLDER,7
BLUE/WHITE RIBBED MELAMINE JUG,7
ICON PLACEMAT POP ART ELVIS,7
METAL BASE FOR CANDLES,7
ENGLISH ROSE PHOTO FRAME ,7
RED POPPY ARTIFICIAL FLOWER,7
SET/6 GREEN SPRING  PAPER PLATE,7
BLACK MEDIUM GLASS CAKE STAND,7
SHOPPING BAG DOORSTOP,7
Hypochondriac Pill Stress Ball,7
"ICON ALARM CLOCK,FUSCHIA  PIN UP",7
LA PALMIERA TILE HOOK,7
SET OF 4 NAPKIN CHARMS CROWNS ,7
BLING KEY RING STAND,7
ENGLISH ROSE TABLE CLOCK,7
SET OF 4 PASTEL STACKING MUGS,7
ROSE DU SUD CHILDRENS APRON,7
FRENCH LATTICE CUSHION COVER ,7
WRAP BAD HAIR DAY,7
CRYSTAL STUD EARRINGS CLEAR DISPLAY,6
BLUE NEW BAROQUE FLOCK CANDLESTICK,6
FLOWERS TILE COASTER,6
LA PALMIERA TILE COASTER,6
WHITE WITH METAL BAG CHARM,6
PAIR PINK/BLACK COATHANGERS,6
BLUE ORGANDY ROUND LAMPSHADE W BEA,6
"FLOWER GLASS GARLAND NECKL.36""GREEN",6
COLUMBIAN CUBE CANDLE,6
FRUIT SALAD BAG CHARM,6
ROSES ON BLUE TEACUP CANDLE ,6
ANTIQUE OLIVE GREEN FLOWER EARRINGS,6
RED PEONY DES C/COVER ,6
RED PEONY TABLE CLOCK,6
PURPLE ENAMEL FLOWER HAIR TIE,6
PURPLE GEMSTONE NECKLACE 45CM,6
SILK PURSE BABUSHKA PINK,6
ROSE FLOWER CANDLE+INCENSE 16X16CM,6
LOUVRE VANITY MIRROR,6
PINK BUTTERFLY C/COVER ,6
PINK B'FLY C/COVER W BOBBLES,6
JINGLE BELLS TREE DECORATION,6
FOLKART CLIP ON STARS,6
FOLKART STAR CHRISTMAS DECORATIONS,6
5 STRAND GLASS NECKLACE AMBER,6
PINK CHRYSANTHEMUMS ART FLOWER,6
SET/2 CHRISTMAS DECOUPAGE CANDLES,6
FELTCRAFT HAIRBANDS PINK + WHITE ,6
FINE SILVER NECKLACE W PASTEL FLOWE,6
"FELTCRAFT HAIRBAND, S/2, RED/BLUE",6
CHERRY BLOSSOM CANVAS ART PICTURE,6
GREEN HEART OF GLASS BRACELET,6
"GREETING CARD, STICKY GORDON",6
AMETHYST DROP EARRINGS W LONG BEADS,6
ANT SILVER PURPLE BOUDICCA RING,6
ORIGAMI OPIUM INCENSE/CANDLE SET ,6
BLACK 3 TIER GLASS PLATE STAND,6
PINK LEAVES AND BEADS PHONE CHARM,6
ORIGAMI OPIUM INCENSE CONES,6
BLACK CHRISTMAS TREE 120CM,6
SILVER LARIAT 40CM,6
SILVER ROCOCO CANDELABRA,6
SILVER/M.O.P PENDANT ORBIT NECKLACE,6
"FEATHER DUSTER, LIGHT PINK",6
MURANO STYLE GLASS BRACELET GOLD,6
CANDY STRIPE ROSE FLOOR CUSHION,6
BLACK FLOCK GOLD CANDLE,6
AMBER BERTIE GLASS BEAD BAG CHARM,6
NEW BAROQUE B'FLY NECKLACE GREEN,6
ASS COL CIRCLE MOBILE ,6
BLUE TINSEL GARLAND ,6
PINK RETRO BIG FLOWER BAG,6
PINK ROUND COMPACT MIRROR,6
PINK BAROQUE FLOCK CANDLE HOLDER,6
"ACRYLIC JEWEL SNOWFLAKE,BLUE",6
"ASS RETROSPOOF MUGS,SPORTS",6
BOX OF 6 ASSORTED COLOUR TEASPOONS,6
S/3 FLWR FAIRY ROSE CANDLES,6
PINK FLOCK PHOTO FRAME ,6
GOLD PRINT PAPER BAG,6
ORIENTAL BLUE CUSHION COVER ,6
STAR  T-LIGHT HOLDER ,6
ELEPHANT CLIP W SUCTION CUP,6
BIG PINK POODLE,6
BEADED CRYSTAL HEART PINK ON STICK,6
LARGE GREEN PEONY FOLDING STOOL,6
LARGE PINK PEONY FOLDING STOOL,6
SET OF 3 WICKER BASKET ROSE,6
PINK STAR CHRISTMAS DECORATION,6
BLUE HIBISCUS  HAIR CLIP,6
LARGE MINT DIAMANTE HAIRSLIDE,6
GLASS BEAD HOOP NECKLACE BLACK,6
MAGIC SLATE BUNNIES AT HOME ,6
SET OF 3 WICKER BASKET TEA AND CAKE,6
SET OF 4 BLACK LOVEBIRD COASTERS,6
CD WALL TIDY RED FLOWERS,6
CURIOUS  IMAGES NOTEBOOK SET,6
MAGIC SLATE FIDO,6
MAGIC SLATE SPACEBOY ,6
CHRISTMAS CARD SCREEN PRINT ,6
HAND OPEN SHAPE BLACK,6
"HANGING FLOWERS+MIRROR,BLUE",6
ANTIQUE RASPBERRY FLOWER EARRINGS,6
WHITE STITCHED WALL CLOCK,6
CRACKED GLAZE EARRINGS RED,6
GREEN PAIR HEART HAIR SLIDES,6
NEW BAROQUE LARGE NECKLACE BLK/WHIT,6
GREEN PEONY CUSHION COVER,6
PINK/PURPLE CIRCLE CURTAIN,6
LARGE BLUE ORIENTAL FOLDING STOOL,6
MAKE YOUR OWN PLAYTIME CARD KIT,6
CERISE+GOLD CHRISTMAS TREE DEC,6
YELLOW BROWN BEAR FELT PURSE KIT,6
"FRENCH BLUE METAL DOOR SIGN, No",6
YELLOW RABBIT SAT EASTER,6
ZINC POLICE BOX LANTERN,6
RIO PINK STRIPE HAMMOCK,5
GREEN PEONY DES C/COVER,5
LARGE CRYSTAL DIAMANTE HAIRSLIDE,5
PINK/YELLOW PATCH CUSHION COVER,5
HEART MEASURING SPOONS LARGE,5
PORCELAIN HANGING BELL LARGE,5
PORCELAIN CHERUB BELL LARGE,5
BLUE DISCO HANDBAG,5
BLUE HEART COMPACT MIRROR,5
BLUE KASHMIRI OCCASIONAL TABLE,5
BLUE/YELLOW FLOWER DESIGN BIG MUG,5
ARMY CAMO WRAPPING TAPE,5
LARGE GLASS SUNDAE DISH CLEAR,5
RED STONE/CRYSTAL EARRINGS,5
PINK/BLUE STRING CURTAIN ,5
CRACKED GLAZE EARRINGS IVORY,5
FOLDING SHOE TIDY,5
FRESHWATER PEARL BRACELET PINK,5
TINY CRYSTAL BRACELET GREEN,5
SUMMER DAISIES BAG CHARM,5
FAIRY CAKES PHOTO FRAME,5
AMBER DROP EARRINGS W LONG BEADS,5
WHITE ENAMEL FLOWER HAIR TIE,5
ASSTD MULTICOLOUR CIRCLES MUG,5
BLUE GREEN EMBROIDERY COSMETIC BAG,5
BLUE FLORIBUNDA EGG WARMER,5
BLUE CLIMBING HYDRANGA ART FLOWER,5
BLUE CHECK BAG W HANDLE 34X20CM,5
BLUE COL METAL FOLDING CHAIR,5
SCULPTED ROUND IVORY CANDLE ,5
BLUE KNITTED KID'S RUCKSACK,5
SPOTS ON RED BOOKCOVER TAPE,5
PINK RABBIT SITTING EASTER,5
TEACUP AND SAUCER REGENCY ROSES,5
JARDIN ETCHED GLASS SMALL BELL JAR,5
ORIGAMI SANDLEWOOD INCENSE IN TUBE,5
YELLOW BIRDS FELT DES FOODCOVER,5
PINK BERTIE GLASS BEAD BAG CHARM,5
GIRLS PARTY BAG,5
GREEN PENDANT TRIPLE SHELL NECKLACE,5
SILVER 2 STRAND NECKLACE-LEAF CHARM,5
BLACK FEATHER CHRISTMAS DECORATION,5
CROCHET BEAR RED/BLUE  KEYRING,5
SILVER OVAL SHAPE TRINKET BOX,5
BLACK FINE BEAD NECKLACE W TASSEL,5
GLASS BEAD HOOP EARRINGS GREEN,5
DANISH ROSE BEDSIDE CABINET,5
POPART RECT PENCIL SHARPENER ASST,5
GREEN HEART COMPACT MIRROR,5
ORIGAMI VANILLA INCENSE CONES,5
VINTAGE BEAD FILLED PINK CUSHION,5
BAROQUE BUTTERFLY EARRINGS MONTANA,5
MULTICOLOUR DOTS PLATE,5
BLACK BOX MIRROR LANTERN,5
PINK ROSE PICNIC RUG,5
BOYS PARTY BAG,5
BOXED GLASS ASHTRAY,5
LILLIES CANVAS PICTURE,5
LILAC VOTIVE CANDLE,5
SET/6 BLACK GLITTER REINDEER CANDLE,5
SHAKER THROW  QUILTED,5
BLACK GLASS TV DOUBLE P/FRAME 15X10,5
S/3 ENGLISH LAVENDER SQU CANDLE,5
PSYCHEDELIC METAL SIGN CALENDAR,5
GOLD WINE GLASS,5
GOLD WINE GOBLET,5
GREEN BITTY LIGHT CHAIN,5
BIRD IN TREE MUG ,5
PINK FEATHERS CURTAIN,5
"ROUND SNACK BOXES ,SET 4, FRUITS ",5
BAROQUE BUTTERFLY EARRINGS GREEN,5
CERAMIC HEART CAKE MONEY BANK,5
CERISE+GOLD CHRISTMAS STOCKING DEC,5
SMALL FAIRY CAKE FRIDGE MAGNETS,5
FIRE POLISHED GLASS BRACELET BLACK,5
CRYSTAL CZECH CROSS PHONE CHARM,5
PINK BABY GIRLS PHOTO ALBUM,5
RED PEONY CUSHION COVER ,5
4 SKY BLUE DINNER CANDLES,5
FLOWER FAIRY POTPOURRI CUSHION LILY,5
BROWN KUKUI COCONUT SEED NECKLACE,5
PASTEL BLUE PHOTO ALBUM,5
FRENCH PAISLEY CUSHION COVER,5
Dad's Cab Electronic Meter,5
PURPLE FINE BEAD NECKLACE W TASSEL,5
LOUVRE CHALKBOARD,5
RED PEONY PHOTO FRAME ,5
MODERN CHRISTMAS BAUBLE CANDLE ,5
PINK FOXGLOVE ARTIIFCIAL FLOWER,5
MIRRORED WALL ART SNOWFLAKES,5
BERRIES CHUNKY KNITTED THROW ,4
SEAGRASS S/2 CORNER LAUNDRY ,4
NEW BAROQUE SMALL NECKLACE BLACK,4
SQUARE METAL CANDLEHOLDER BASE,4
ARMY CAMO BOOKCOVER TAPE,4
STRAWBERRY CAKE TEAPOT,4
KNITTED POM POM HOT WATER BOTTLE,4
RED PURSE WITH PINK HEART,4
FOUR PICTURE WHITE GLASS FRAME,4
CUPID SCENTED CANDLE IN GLASS,4
TOADSTOOL  LUNCHBOX WITH CUTLERY,4
PINK PAISLEY PHOTO ALBUM,4
WHITE ROSEBUD & PEARL NECKLACE,4
ZINC HEART LATTICE CHARGER SMALL,4
CRACKED GLAZE EARRINGS BROWN,4
"PEARL & SHELL 42""NECKL. IVORY",4
"PEARL & SHELL 42""NECKL. PINK",4
"ACRYLIC HANGING JEWEL,BLUE",4
TEATIME PENCIL W STAMP ASST,4
ANTIQUE OPAL WHITE FLOWER EARRINGS,4
TEACUP AND SAUCER REGENCY GREEN,4
IVORY SCULPTED RND CANDLE ,4
BLACK SIL'T SQU CANDLE PLATE ,4
MAGIC SLATE CIRCUS PARADE  ,4
BLUE BLOSSOM HAIR CLIP,4
"LETTER ""V"" BLING KEY RING",4
MAGIC SLATE DOLLY GIRL ,4
PINK FLOWERS CHILDS UMBRELLA,4
PINK FLOCK TABLE CLOCK ,4
MIDNIGHT BLUE CRYSTAL DROP EARRINGS,4
ORIGAMI ROSE INCENSE/CANDLE SET ,4
ORIGAMI ROSE INCENSE+FLOWER,4
BROWN VINTAGE VICTORIAN EARRINGS,4
PLANTPOT SINGLE HOOK PISTACHIO,4
PENCIL CASE GINGHAM FOREST,4
GREEN MURANO TWIST NECKLACE,4
WHITE ALLIUM  ARTIFICIAL FLOWER,4
SET/6 GINGERBREAD TREE T-LIGHTS,4
SILK PURSE BABUSHKA BLUE,4
BLACK GLASS/SHELL/PEARL NECKLACE,4
"ACRYLIC JEWEL SNOWFLAKE,PINK",4
BLUE FAIRY CAKE CHILDRENS APRON,4
ENGLISH ROSE SET/3 GARDEN TOOLS,4
GOTHIC CARRIAGE LANTERN,4
VINTAGE KEEPSAKE BOX BEAUTY GIRL,4
ANT WHITE HIGH RISE BIRD BOX,4
PINK SWEETIE NECKLACE,4
ORANGE FELT VASE + FLOWERS,4
GREEN/BLUE FLOWER DESIGN BIG MUG,4
GREEN DROP EARRINGS W BEAD CLUSTER,4
GREEN WIRE GOBLET CANDLEHOLDER,4
GREEN CRYSTAL DROP EARRINGS,4
BLACK DROP EARRINGS W LONG BEADS,4
SMALL FOLDING SCISSOR(POINTED EDGE),4
BLACK 3 BEAD DROP EARRINGS,4
GREEN CHENILLE SHAGGY RUG,4
PINK NEW BAROQUE FLOCK CANDLESTICK,4
BLACK CHRISTMAS FLOCK DROPLET ,4
SILVER LOOKING MIRROR,4
SILVER ROCOCO CANDLE STICK,4
SILVER/NATURAL SHELL NECKLACE,4
HAPPY BIRTHDAY CARD STRIPEY TEDDY,4
IVORY HANGING DECORATION  RABBIT,4
IVORY PENDANT TRIPLE SHELL NECKLACE,4
ANTIQUE MID BLUE FLOWER EARRINGS,4
ORNATE EDWARDIAN CANDLE HOLDER,4
VINTAGE NOTEBOOK FRENCH LETTER ,4
PINK DOG CANNISTER,4
GLASS AND PAINTED BEADS BRACELET OL,4
S/4 CONTEMPORY PINK ROSEBUD CANDLES,4
SET OF 4 ROSE BOTANICAL CANDLES,4
SILVER FLOWR PINK SHELL NECKLACE,4
SILVER HEART COMPACT MIRROR,4
FIRE POLISHED GLASS BRACELET MONTAN,4
PINK GOOSE FEATHER TREE 60CM,4
CLASSIC DIAMANTE EARRINGS JET,4
CLASSIC DIAMANTE NECKLACE JET,4
MONTANA DIAMOND CLUSTER NECKLACE,4
AMBER GLASS/SHELL/PEARL NECKLACE,4
BLUE BABY BOY'S MEMORY BOX,4
AMBER GLASS BRACELET HEART CHARMS,4
POPART WOODEN PENCILS ASST,4
ORIGAMI SANDLEWOOD INCENSE CONES,4
ORIGAMI SANDLEWOOD INCENSE/CAND SET,4
ENCHANTED GARDEN WROUGHT IRON TABLE,4
CROCHET ROSE DES CLOTHES HANGER,4
SMALL GLASS ROSE SCENTED CANDLE,4
SMALL FOLKART CHRISTMAS TREE DEC,4
SET OF 16 VINTAGE RED CUTLERY,4
TURQ PENDANT TRIPLE SHELL NECKLACE,4
SET/20 POSIES PAPER NAPKINS,4
PINK BERTIE MOBILE PHONE CHARM,4
GLASS AND BEADS BRACELET IVORY,4
COLOURFUL FLOWER FRUIT BOWL,4
SET OF 4 CAROUSEL PLACEMATS ,4
COPPER AND BRASS BAG CHARM,4
ENGLISH ROSE EDWARDIAN PARASOL,4
AMBER BERTIE MOBILE PHONE CHARM,4
PINK CHRISTMAS TREE DECORATION,4
Dotcomgiftshop Gift Voucher £10.00,4
BLACK VINT ART DEC CRYSTAL NECKLACE,4
BLACKCHRISTMAS TREE 30CM,4
3 BLACK CATS W HEARTS BLANK CARD,4
L BLUE C/COVER W PINK/YELLOW FLOWER,4
KNITTED RABBIT DOLL ,4
WHITE VINTAGE CRYSTAL EARRINGS,4
TIN CAN BISCUITS DESIGN,4
temp,4
"GUMBALL COATHOOK., BLACK & WHITE ",4
FUNKY GIRLZ MAGNETIC TO DO LIST ,3
ROUND FOOD CONTAINER S/5 RETROSPOT,3
BLUE NETTING STORAGE HANGER,3
Discount,3
ROSE PENDANT TRIPLE SHELL NECKLACE,3
DOT MATRIX CANVAS ART PICTURE,3
DIAMANTE NECKLACE,3
BLACK VINTAGE  CRYSTAL EARRINGS,3
DIAMANTE BOW BROOCH WHITE COLOUR,3
DIAMANTE HAIR GRIP PACK/2 BLACK DIA,3
BROWN DOG CANNISTER W BONE,3
FLOWERS WALL THERMOMETER,3
ASSORTED DESIGN FLOWER MUGS,3
FLOWER PURPLE CLOCK W/SUCKER,3
 SET Of 6 SOLDIER SKITTLES,3
 NEW BAROQUE BLACK BOXES,3
CREAM C/COVER W YELLOW/GREEN FLOWER,3
CREAM CLIMBING HYDRANGA ART FLOWER,3
WHITE SILVER NECKLACE SHELL GLASS,3
CRACKED GLAZE NECKLACE BROWN,3
FUSCHIA FLOWER PURSE WITH BEADS,3
RETROSPOT BABUSHKA DOORSTOP,3
RHOMBUS CRYSTAL PERFUME BOTTLE,3
ROBOT PENCIL SHARPNER,3
PINK/GREEN FLOWER DESIGN BIG MUG,3
BLUE/NAT SHELL NECKLACE W PENDANT,3
PINK/AMETHYST/GOLD NECKLACE,3
MEASURING TAPE BABUSHKA BLUE,3
MEASURING TAPE BABUSHKA PINK,3
MEASURING TAPE BABUSHKA RED,3
LARGE GLASS ROSE SCENTED CANDLE ,3
PINK GREEN EMBROIDERY COSMETIC BAG,3
CROCHET POODLE KEYRING,3
VANILLA CANDLE IN EMBOSSED ZINC POT,3
VENDETTA CANVAS PICTURE,3
PINK TALL PORCELAIN T-LIGHT HOLDER ,3
SET OF 16 VINTAGE PISTACHIO CUTLERY,3
SET OF 16 VINTAGE ROSE CUTLERY,3
FIRE POLISHED GLASS NECKL BRONZE,3
FIRE POLISHED GLASS NECKL GOLD,3
"HANGING FLOWERS+MIRROR,PINK",3
PINK STRIPES SHOULDER BAG,3
FILIGREE DIAMANTE CHAIN,3
PURPLE ENAMEL+GLASS HAIR COMB,3
POP-ART FLUORESCENT PENS,3
DECORATIVE HANGING SHELVING UNIT,3
BLACK DROP CRYSTAL NECKLACE,3
PINK PAINTED KASHMIRI CHAIR,3
PINK KASHMIRI BOXED MIRROR,3
ORANGE PENDANT TRIPLE SHELL NECKLAC,3
ORANGE/FUSCHIA STONES NECKLACE,3
ORIENTAL RED CUSHION COVER ,3
BAROQUE BUTTERFLY EARRINGS CRYSTAL,3
BIRDCAGE DECORATION MAGIC GARDEN,3
SPOTTED WHITE NATURAL SEED NECKLACE,3
"ROUND SNACK BOXES ,SET4, WOODLAND ",3
GLASS BEAD HOOP EARRINGS BLACK,3
PINK FLOCK SUEDE CUSHION COVER ,3
ANT WHITE SWEETHEART TABLE W 3 DRAW,3
VINTAGE BEAD PINK SCARF ,3
VINTAGE ENAMEL & CRYSTAL NECKLACE,3
GOLD DIAMANTE STAR BROOCH,3
GOLD FLOWER CUSHION COVER ,3
GOLD JEWELERY BOX,3
HOME SWEET HOME  BLACKBOARD,3
MULTICOLOUR FEATHERS CURTAIN,3
FIRE POLISHED GLASS NECKL SILVER,3
SILVER MONTE CARLO HANDBAG,3
S/3 POT POURI CUSHIONS BLUE COLOURS,3
BLUE DROP EARRINGS W BEAD CLUSTER,3
DISTRESSED CANDLE STICK WHITE,3
BLUE CHERRY BLOSSOM CUP & SAUCER,3
BLUE CRUSOE CHECK LAMPSHADE,3
SET OF 3 CHRISTMAS BRIAR CANDLES,3
BLUE BERTIE MOBILE PHONE CHARM,3
CAT CAMOUFLAGUE COLLAR,3
BLUE/PINK NEST STRIPE BOX,3
SET 5 MINI CHOCOLATE FRIDGE MAGNETS,3
GROOVY CACTUS INFLATABLE,3
BLUE LEAVES AND BEADS PHONE CHARM,3
BLUE FLOCK CUSHION COVER ,3
ORIGAMI JASMINE INCENSE IN TUBE,3
CHRISTMAS MUSICAL ZINC TREE,3
S/6 PAPER BOXES CURIOUS IMAGES ,3
AQUA BERTIE GLASS BEAD BAG CHARM,3
S/4 CONTEMPORY RED ROSEBUD CANDLES,3
BLUE TALL PORCELAIN T-LIGHT HOLDER,3
"ACRYLIC JEWEL ANGEL,BLUE",3
PURPLE LEAVES AND BEADS PHONE CHAR,3
PURPLE TINT ACRYLIC FLOWER VASE,3
CAROUSEL PLACEMATS ,3
NECKLACE+BRACELET SET PINK BLOSSOM,3
NEW BAROQUE B'FLY NECKLACE BLACK,3
BLACK NEW BAROQUE FLOCK BOX,3
SILICON STAR BULB  BLUE,3
M/COLOUR POM-POM CURTAIN,3
MAGIC SLATE DINOSAUR,3
Electronic Talking Breath-A-Loser,3
RED   ACRYLIC FACETED BANGLE,3
CAPIZ CHANDELIER,3
MIRRORED WALL ART SPLODGES,3
MODERN CHRISTMAS TREE CANDLE,3
MODERN CHRISTMAS TREE CANDLE ,3
MONTANA DIAMOND CLUSTER EARRINGS,3
SET/4 BLACK  BAROQUE FLOCK COASTER,3
PINK BUTTERFLY PAPER LAMPSHADE,3
AMBER CRYSTAL DROP EARRINGS,3
EMBOSSED FLOWER TRELLIS PHOTO FRAME,3
4 BURGUNDY WINE DINNER CANDLES,3
4 ROSE PINK DINNER CANDLES,3
"JEWELLED DECORATION,BLUE",3
KASHMIR FOLKART HEART DISHES,3
BLUE  VOILE LAMPSHADE,3
CANDLE RING W/CLEAR BEADS,3
METALIC LEAVES BAG CHARMS,3
?,3
WAVELINE SURF IRONING BOARD COVER,3
WHITE 3 FRAME BIRDS AND TREE ,3
WHITE FOXGLOVE ARTIIFCIAL FLOWER,3
"LETTER ""Z"" BLING KEY RING",3
LIGHT DECORATION BATTERY OPERATED,3
LIGHT TOPAZ TEAL/AQUA COL NECKLACE,3
OOH LA LA DOGS COLLAR,3
Adjustment by Peter on Jun 25 2010 ,3
GUMBALL CUSTOM CARS TOP TRUMPS GAME,3
TIN CAN KINGS CHOICE DESIGN,3
TEACUP AND SAUCER REGENCY PINK,3
BLUE PORCELAIN B'FLY OIL BURNER,3
checked,3
LILAC GAUZE BUTTERFLY LAMPSHADE,2
 FAIRY CAKE CANDLES,2
S/5 MINI ICE CREAM FRIDGE MAGNETS,2
BLUE DAISY MOBILE,2
"BLACK RND BULLET""KEEP CLEAN"" BIN",2
PIZZA DISH SLICE ,2
CHAMPAGNE TRAY BLANK CARD,2
GINGHAM BABUSHKA DOORSTOP,2
FLOWER DES BLUE HANDBAG/ORANG HANDL,2
PINK CHRISTMAS FLOCK DROPLET ,2
PINK CANVAS DES CUSHION COVER ,2
FIRE POLISHED GLASS BRACELET RED,2
MANHATTAN CANVAS ART PICTURE,2
MEDINA STAMPED METAL TRAY ,2
PINK BITTY LIGHT CHAIN,2
DOORMAT KISS MY.......,2
RED TOP SCANDINAVIAN HEART ,2
HAYNES CAMPER SHOULDER BAG,2
GLASS BEAD HOOP NECKLACE MONTANA,2
BEWARE OF THE CAT DOORMAT,2
BILI NUT AND WOOD NECKLACE,2
HIGH SCHOOL MUSICAL 3 TOP TRUMPS ,2
STAR WARS TOP TRUMPS GAME,2
RASTA IN BATH W SPLIFF ASHTRAY,2
BLUE FLOWER DES PURSE,2
BLUE KASHMIRI BOXED MIRROR,2
Dr. Jam's Arouzer Stress Ball,2
3 PIECE JIGSAW TOADSTOOLS,2
SET OF 16 VINTAGE BLACK CUTLERY,2
ORIGAMI JASMINE INCENSE+FLOWER ,2
ORIGAMI LAVENDER INCENSE CONES,2
CRACKED GLAZE NECKLACE IVORY,2
WHITE VINT ART DECO CRYSTAL NECKLAC,2
WOODEN TREE CHRISTMAS SCANDISPOT,2
S/16 BLACK SHINY/MAT BAUBLES,2
GOLD 2 STRAND NECKLACE-LEAF CHARMS,2
DANISH ROSE FOLDING CHAIR,2
POCKET MIRROR BUTTERFLY ,2
POLYESTER FILLER PAD 60x40cm,2
WHITE CHRISTMAS FLOCK DROPLET ,2
VINTAGE BEAD CHAISE LONG JEWEL BOX,2
SET OF 16 VINTAGE IVORY CUTLERY,2
GOLD APERITIF GLASS,2
WHITE FRANGIPANI HAIR CLIP,2
PINK BEADED CONE CHRISTMAS,2
SILVER/NAT SHELL NECKLACE W PENDANT,2
BLACK ASSORTED DROPLET DECORATION,2
WHITE GOOSE FEATHER TREE 60CM ,2
CROCHET DOG KEYRING,2
CROCHET LILAC/RED BEAR KEYRING,2
CARDHOLDER GINGHAM HEART,2
PINK GAUZE BUTTERFLY LAMPSHADE,2
PINK GLASS COCKTAIL LAMP,2
HANGING SPRING FLOWER HEART SMALL,2
BLUE/GREEN SHELL NECKLACE W PENDANT,2
GREEN KASHMIRI OCCASIONAL TABLE,2
GREEN LEAVES AND BEADS PHONE CHARM,2
GREEN PENDANT SHELL NECKLACE,2
ASS WINDPROOF MARIJUANA LIGHTERS,2
SET OF 16 VINTAGE SKY BLUE CUTLERY,2
PINK BABY GIRL'S MEMORY BOX,2
MOSAIC CANDLE DISH BLUE PURPLE,2
TURQUOISE BERTIE GLASS BEAD CHARM,2
MOON INCENSE,2
"ORGANISER WOOD, ANTIQUE WHITE ",2
PINK KASHMIRI OCCASIONAL TABLE,2
AMBER VINTAGE EARRINGS ,2
ORIGAMI LAVENDER INCENSE IN TUBE,2
ORIGAMI LAVENDER INCENSE+FLOWER,2
BLACK DIAMOND CLUSTER EARRINGS,2
SET/3 COLOUR PAINTED KASHMIRI STOOL,2
HAPPY BIRTHDAY CARD TEDDY/CAKE,2
BUNNY BUNCH OF FLOWERS,2
 Bank Charges,2
 4 PURPLE FLOCK DINNER CANDLES,2
PAINTED SEA SHELL METAL WINDCHIME,2
DOOR MAT CAMOUFLAGE,2
DUCK SOCK PUPPET,2
NECKLACE+BRACELET SET FRUIT SALAD ,2
DOGS NIGHT COLLAR,2
CAMOUFLAGE BACKPACK ON WHEELS,2
MUG AND COASTER SET RED CIRCLES,2
SILVER APERITIF GLASS,2
ROUND ARTICULATED BLUE CLOCK W/SUCK,2
EMPIRE TEDDY,2
KISS REINDEER SCANDINAVIAN STOCKING,2
"F.FAIRY,CANDLE IN GLASS,LAVENDER",2
PURPLE CURRENT CANDLE RING,2
DIAMANTE NECKLACE PURPLE,2
PURPLE CRYSTAL DROP EARRINGS,2
BAROQUE BUTTERFLY EARRINGS PINK,2
4 FESTIVE GREEN DINNER CANDLES,2
NEW BAROQUE B'FLY NECKLACE CRYSTAL,2
INCENSE BAZAAR CANNABIS,2
"ACRYLIC JEWEL ICICLE, PINK",2
IVORY GOLD METAL BAG CHARM,2
WRAP SPEED DEMONS ,2
 LARGE SKULL WINDMILL,2
"ACRYLIC JEWEL ICICLE, BLUE",2
A4 WALL TIDY RED FLOWERS,2
A4 WALL TIDY BLUE OFFICE,2
"ACRYLIC JEWEL ANGEL,PINK",2
PIN CUSHION BABUSHKA RED,2
NAVY CUDDLES DOG HOODIE,2
mailout,2
YELLOW PINK FLOWER DESIGN BIG BOWL,2
RABBIT EASTER DECORATION,2
update,2
PURPLE/COPPER HANGING LAMPSHADE,2
ROUND ARTICULATED PINK CLOCK W/SUCK,2
SET OF 4 NAPKIN CHARM CUTLERY,2
CLASSICAL ROSE TABLE LAMP,2
found,2
"ACRYLIC BEAD GARLAND,PINK",2
THE KING GIFT BAG 25x24x12cm,2
FAIRY DESIGN MUGS,2
WHITE SATIN DRESS JEWEL STAND,2
PARTY PIZZA DISH BLUE+WHITE SPOT ,2
GLASS BEAD HOOP NECKLACE AMETHYST,2
PARTY PIZZA DISH PINK+WHITE SPOT ,2
STRAWBERRIES PRINT BOWL,2
"BATHROOM SCALES, FAG BREAK",2
VINTAGE COLLAGE  GREETING  CARD ,2
HAND OPEN SHAPE PINK,2
Glow In The Dark Shot Glasses ,2
TIN CAN POCKET MONEY DESIGN,2
TIN CAN HOUSEKEEPING DESIGN,2
PEARL AND CHERRY QUARTZ BRACLET,2
PINK PORCELAIN B'FLY OIL BURNER,2
MIDNIGHT BLUE DROP CRYSTAL NECKLACE,2
OPAL WHITE/SILVER FLOWER NECKLACE,2
RETRO SPOT PARTY BAG + STICKER SET,2
PACK/12 XMAS FUN CARD,2
CUBIC MUG TEATIME CAKES,2
Adjust bad debt,2
CUTE BIRD CEATURE SCREEN,2
WHITE WOOD SINGLE P/FRAME,2
MAGIC SLATE GO TO THE FAIR ,2
PURPLE LAS VEGAS BRACELET ROUND,2
"JEWELLED DECORATION,PINK",2
4 PINK DINNER CANDLE SILVER FLOCK,2
MAGIC SLATE LEAP FROG ,2
"GLASS JAR, ENGLISH CONFECTIONERY",1
GLASS BEAD HOOP NECKLACE GREEN,1
FOOD/DRINK SPONGE STICKERS,1
CREAM KNITTED HEN,1
WHITE CHRISTMAS TREE 60CM,1
"F.FAIRY S/3 SML CANDLE,LILY/VALLEY",1
S/3 COLOURS FLOCK TEA TOWELS,1
"LETTER ""W"" BLING KEY RING",1
BOX OF 3 PEBBLE CANDLES,1
MAGIC SLATE BAKE A CAKE ,1
NECKLACE+BRACELET SET BLUE HIBISCUS,1
AMETHYST 3 BEAD DROP EARRINGS,1
Dotcomgiftshop Gift Voucher £80.00,1
CREAM SWEETHEART DOUBLE SHELF,1
AMBER FINE BEAD NECKLACE W TASSEL,1
LUNCHBOX I LOVE LONDON,1
S/2 HYACINTH BULB CANDLES,1
Found,1
"ACRYLIC BEAD CHAIN, PINK",1
WHITE ROHMBIC BLOCK TABLE LAMP,1
WHITE SCANDINAVIAN HEART CHRISTMAS,1
PARTY PIZZA DISH GREEN+WHITE SPOT ,1
PARTY PIZZA DISH RED+WHITE SPOT ,1
"PEN, 10 COLOURS - SPACEBOY",1
CAMOUFLAGE DOG COLLAR,1
CAMOUFLAGUE DOG LEAD,1
ENGLISH ROSE DESIGN SHOPPING BAG,1
BLUE WHITE PLASTIC RINGS LAMPSHADE,1
FOLKART HEART CHRISTMAS DECORATIONS,1
KISSING REINDEER TABLE RUNNER,1
CAMOFLAGE CUSHION COVER,1
DOOR MAT BLUE FLOCK,1
PIN CUSHION BABUSHKA PINK,1
SET OF 4 NAPKIN CHARMS INSTUMENT   ,1
ENGLISH ROSE SQUARE CAKE TINS,1
ENGLISH ROSE TEA FOR ONE GIFT BOX,1
6 HOOK JEWEL STAND LILAC DRESS,1
"ACRYLIC BEAD CHAIN, BLUE",1
FROSTED GLASS WITH SILVER SURROUND,1
PIN CUSHION BABUSHKA BLUE,1
LITTLE FLOWER SHOPPER BAG,1
KEY-RING CORKSCREW,1
CANDY STRIPE ROSE QUILT,1
ETCHED GLASS HEART TREE DECORATION,1
EURO FOOTBALL STARS TOP TRUMPS GAME,1
F FAIRY POTPOURRI CUSHIONS SUMMER,1
"F.FAIRY S/3 SML CANDLE, LAVENDER",1
"F.FAIRY S/3 SML CANDLE, ROSE",1
SET/2 SPOTTY + ROSE TEA TOWELS ,1
SET/2 TEA TOWELS MODERN VINTAGE,1
JADE GREEN PAIR ENAMEL HAIR SLIDES,1
JAM JAR WITH BLUE LID,1
JAM MAKING SET PRINTED,1
FUSCHIA VOILE POINTY SHOE DEC,1
*USB Office Mirror Ball,1
*USB Office Glitter Lamp,1
WRAP ROMANTIC DECOUPAGE,1
BAG FOR CHILDREN VINTAGE PINK ,1
SWALLOW SMALL TUBE MATCHES,1
SWEETHEART CREAM STEEL FOLDIN CHAIR,1
CRACKED GLAZE NECKLACE RED,1
11 PC CERAMIC TEA SET POLKADOT,1
ZINC HANGING HEART T-LITE HLDR,1
22719,1
3 BIRDS CANVAS SCREEN,1
4 BLUE DINNER CANDLES SILVER FLOCK,1
PINK BALLET OPENING CUBE BOX ,1
ASSTD RASTA KEY-CHAINS,1
CUBIC MUG FLOCK PINK ON BROWN,1
PINK PAINTED KASHMIRI TABLE,1
CHOCOLATE ICE CREAM CANDLE,1
TIN CAN CONFECTIONERY DESIGN,1
HANDZ-OFF CAR FRESHENER,1
FLOWERS AND BIRDS WALL PLAQUE,1
FOLDING CAMPING SCISSOR W/KNIF & S,1
FOLDING SHIRT TIDY,1
ASSORTED FRUIT STRAWS,1
ASSORTED SHAPED STENCIL FOR HENNA,1
TEATIME ROUND CAKE TINS ,1
THREE CANVAS LUGGAGE TAGS,1
CRYSTAL SMALL JEWELLED PHOTOFRAME,1
SPOTTY CAT DOORSTOP ,1
SPOTTY COCKEREL DOORSTOP,1
BLUE KASHMIRI COFFEE TABLE ,1
SEAGRASS S/3 SQU LAUNDRY BOX,1
PINK STOCKING CHRISTMAS DECORATION,1
GROW A FLYTRAP OR SUNFLOWER IN TIN,1
NEW BAROQUE WALL MIRROR,1
S/6 SCANDINAVIAN HEART T-LIGHT,1
GREEN CHENILLE SHAGGY C/COVER,1
LASER CUT MULTI STRAND NECKLACE,1
LAZER CUT NECKLACE W PASTEL BEADS,1
SAMPLES,1
SCOTTIE DOGS CHILDRENS OVERALL,1
BLUE TABLE RUN FLOWER,1
BENDY COLOUR PENCILS,1
YELLOW/BLUE RETRO RADIO,1
WOOD ANIMALS HEIGHT CHART STICKERS ,1
wrong invc,1
FRENCH ENAMEL SOAP DISH WITH LID,1
FRENCH STYLE WIRE DOOR CABINET ,1
WOODEN STAR CHRISTMAS SCANDISPOT,1
correct previous adjustment,1
found again,1
tk maxx mix up with pink,1
ASSORTED DESIGN GEISHA GIRL MUGS,1
BLUE OWL DECORATION,1
BLUE PAINTED KASHMIRI CHAIR,1
BLUE PAINTED KASHMIRI TABLE ,1
FUNKY FLOWER COFFEE POT,1
BLUE STRIPES SHOULDER BAG,1
DR WHO TOP TRUMPS GAME,1
DUSTY PINK CHRISTMAS TREE 60CM,1
Dotcomgiftshop Gift Voucher £40.00,1
Dotcomgiftshop Gift Voucher £50.00,1
Dotcomgiftshop Gift Voucher £70.00,1
ROSE SCENTED VOTIVE CANDLE,1
SET OF SIX SILVER+RED FLOCK BAUBLES,1
"F.FAIRY,CANDLE IN GLASS,LILY/VALLEY",1
RED HEART CANDY POP LIGHTS,1
RED MINI TAPE MEASURE ,1
WOODLAND CREATURES  WRAP,1
OCCASIONS GIFT CARD ASSORTMENT,1
ORANGE CANDLE,1
BAG FOR CHILDREN VINTAGE BLUE ,1
WRAP CHRISTMAS DECOUPAGE,1
"TRAY FOR TV DINNER , DOLLY GIRL",1
"TRAY FOR TV DINNER ,SPACEBOY",1
UBO-LIGHT TRIOBASE BLUE,1
BLUE BABY BOY'S PHOTO ALBUM,1
BLUE BAROQUE FLOCK CANDLE HOLDER,1
BLUE BEADS+HAND PHONE CHARM,1
RUBY GLASS CLUSTER NECKLACE,1
RUSSIAN FOLKART STACKING TINS,1
Rust fixed,1
PINK DAISY BAG CHARM,1
CUTE RABBIT CEATURE SCREEN ,1
DADDY MOUSE RED GINGHAM BOW TIE,1
OWLS CHARLOTTE BAG,1
CAT W SUNGLASSES BLANK CARD,1
BLUE TILED SET OF 3 DRAWERS,1
LARGE SPOTTY CHOCOLATE GIFT BAG,1
LARGE WHITE CHOCOLATE CANDLE,1
HOLLYHOCK SQUARE HANDY TIN,1
FEATHER HEART LIGHTS,1
SILVER PURSE GOLD PINK BUTTERFLY,1
VINTAGE METAL CAKE STAND CREAM ,1
PINK CURRENT CANDLE RING,1
IVORY WALL CLOCK,1
"MUG , DOTCOMGIFTSHOP.COM ",1
MUG PINK AND PURPLE ARABIC DESIGN,1
HEXAGONAL CRYSTAL PERFUME BOTTLE,1
RAIN GIRL CHILDS UMBRELLA,1
"ACRYLIC JEWEL ICICLE, CLEAR ",1
PINK AND BLACK STRING CURTAIN,1
LARGE HANGING GLASS+ZINC LANTERN,1
LILAC FEATHERS CURTAIN,1
S/3 ROSE GARDEN SCENT SQU CANDLE,1
S/4 BLACK DISCO PARTITION PANEL,1
S/6 CHRISTMAS TREE PLACE SETTING,1
PINK/WHITE GLASS DEMI CHOKER,1
HARDMAN MUG 3 ASSORTED,1
HAYNES MINI-COOPER PLAYING CARDS,1
HEART MEASURING SPOONS SMALL,1
DOORMAT GREEN PAISLEY ,1
RED WALL CLOCK,1
PINK/WHITE CHRISTMAS TREE 30CM,1
SET OF 2 CHESTS CHOCOLAT AU LAIT,1
SET OF 2 CHRISTMAS DECOUPAGE CANDLE,1
BAROQUE BUTTERFLY EARRINGS RED,1
PINK VINTAGE VICTORIAN CHOKER,1
PINK OWL DECORATION,1
ORIGAMI OPIUM SCENT INCENSE+FLOWER,1
BLACK DIAMOND CLUSTER NECKLACE,1
HAPPY BIRTHDAY GINGER CAT CARD,1
CERAMIC CAKE TEAPOT WITH CHERRY,1
VINTAGE BEAD PINK JEWEL STAND,1
ANGEL ON KNEES METAL POLE 100CM H,1
GOLD CHRISTMAS STOCKING DECORATION,1
SILVER WINE GOBLET,1
VANILLA SCENTED VOTIVE CANDLE,1
CRYSTAL DRAGONFLY PHONE CHARM,1
CIRCUS PARADE LUNCHBOX ,1
PINK HEART CHRISTMAS DECORATION,1
SMALL SINGLE FLAME CANDLE HOLDER,1
PINK KASHMIRI COFFEE TABLE ,1
